tweetid,sentiment
169760,1
35326,1
224985,2
476263,1
872928,0
75639,0
211536,1
569434,-1
315368,1
591733,1
91983,0
67249,1
143459,-1
663535,0
20476,0
815297,0
274098,1
30045,1
681487,-1
708966,2
393689,2
186705,2
233977,2
525794,1
863649,0
315964,0
588985,-1
669979,0
137059,2
556915,0
951973,1
72939,0
205796,0
478581,-1
453375,0
555551,1
219030,0
546209,2
416919,0
433824,0
621526,2
616108,0
70943,0
153248,0
854719,1
616444,1
118418,2
846132,-1
443106,-1
758958,2
376412,2
667731,1
222107,2
349545,2
284026,1
564727,1
522979,1
460970,-1
371750,1
251299,1
485211,0
502976,1
623282,0
217605,0
225330,-1
58854,0
723671,1
366409,1
704565,-1
655925,0
717618,2
922449,2
729885,2
599133,2
89885,-1
249039,-1
440750,1
18663,0
314549,2
643414,1
61835,0
659073,1
178597,1
152298,1
581943,1
781913,0
336886,0
624852,0
655116,0
5591,0
731620,0
872882,1
320393,-1
353463,1
816508,2
636325,-1
53058,0
725589,0
693559,1
66255,2
218797,0
307092,-1
188557,0
137392,-1
597086,2
96006,2
330509,0
78639,-1
536231,1
304814,1
553696,0
455898,0
745466,2
846719,2
722710,-1
989172,1
492079,2
315869,1
32675,-1
959684,0
641938,2
933443,1
458401,0
554994,1
461467,1
902353,-1
178794,-1
387356,0
380276,1
824355,2
685606,2
85488,0
50608,0
447977,1
943930,1
183083,1
359626,2
810128,1
380913,0
516209,1
993538,1
594772,1
22428,2
991876,-1
504172,-1
283272,1
914599,0
752129,-1
701957,0
858489,0
221704,1
409406,0
468372,0
818509,1
204729,1
394896,0
397593,0
465474,1
450344,2
502719,0
816499,1
291002,1
301225,0
402773,2
81233,2
642569,1
900041,0
67900,-1
237131,1
311030,1
975455,-1
69232,0
156024,0
268543,1
586693,1
709157,1
582003,0
689136,1
953619,0
971710,2
809619,0
595597,-1
274499,2
771063,1
597739,0
110053,2
723442,0
881554,0
704923,1
822018,-1
505322,2
120776,0
404757,1
811053,1
317696,2
734766,0
841196,0
400682,-1
649511,1
740566,0
798359,0
861578,1
5417,2
609894,1
174874,2
227482,2
316886,0
112798,1
44507,-1
444423,0
878768,1
951095,-1
970445,0
208227,0
545402,1
498559,1
454769,1
490905,1
343981,-1
891649,1
794296,2
669149,2
104997,0
54711,2
756770,-1
632633,1
882503,0
604089,1
37591,-1
304290,0
167356,0
398680,1
268980,0
485450,0
246743,1
83632,0
804653,0
614272,1
699619,0
128361,2
617614,1
756863,2
550624,1
971913,2
597102,-1
468901,0
512603,0
869,0
135515,0
471002,1
76054,1
835455,0
593722,1
209903,-1
311687,1
38624,1
140169,0
50739,1
134179,-1
368885,1
955073,2
642519,1
849811,-1
377434,0
61946,0
128149,1
545779,2
145812,1
839220,1
23630,2
631635,0
659284,0
636800,1
246233,1
224961,2
227170,0
24500,0
444613,1
173797,1
183700,1
305251,2
487336,1
521403,-1
741971,1
171732,0
354162,2
572875,-1
337961,-1
39327,1
666488,2
686787,-1
248289,1
644357,2
106812,0
492300,2
929522,2
827492,0
92888,-1
748860,1
544547,1
970736,-1
805808,1
320551,1
210944,2
109631,2
251292,0
170364,0
948426,-1
780776,0
693604,1
799998,1
373943,0
593149,1
264289,2
479344,0
820909,1
492817,1
831733,1
405413,1
685176,2
982870,2
92655,0
929710,2
365298,1
597644,1
908494,1
532450,1
431470,0
261786,1
126953,2
157454,2
911863,1
968491,1
341684,0
868000,0
937870,1
196243,0
749947,2
10201,0
861465,1
418775,-1
561942,2
61831,0
224428,1
470738,1
694377,0
557591,2
504856,1
988980,1
811937,2
78955,2
166783,1
2520,0
268418,2
911873,2
380946,0
841067,-1
760341,0
872864,1
833511,2
795400,1
947288,1
97754,0
848402,0
77036,2
280663,1
654324,0
105628,2
227665,2
169839,2
334216,1
502105,2
174279,2
193681,0
457324,0
562231,0
254480,0
432635,1
916814,0
217862,0
454694,1
512554,2
249736,-1
979904,1
841942,0
141852,2
279014,2
511552,1
502057,0
822243,0
586976,0
870627,1
809260,0
258979,-1
342572,1
833715,2
63205,-1
327,1
286773,2
831328,0
265516,0
988076,1
92963,1
813089,1
372840,1
460869,2
700900,2
54421,-1
83811,1
932229,2
14731,1
416245,0
91717,0
37782,1
168950,2
791767,2
612474,1
863569,1
833620,0
831050,0
327186,2
70954,2
744906,2
410805,1
321290,-1
560166,0
199999,-1
520958,0
486093,1
433768,-1
170942,0
97769,2
574580,2
427983,0
536786,1
64572,1
932658,-1
875904,1
388184,2
448406,0
280094,1
196585,1
297123,0
583405,1
749358,2
8540,0
92130,2
682459,0
493774,1
81514,1
937131,2
683822,2
181932,0
185061,1
718905,0
467768,-1
50360,0
37282,-1
324725,2
587613,0
759085,2
995304,0
62430,-1
959472,2
134816,0
443799,1
84144,2
626595,0
382192,0
249680,-1
209100,2
505060,2
510212,0
454150,-1
900706,1
355447,0
415557,1
431394,1
796461,2
551013,0
71926,1
260753,1
883406,-1
973790,1
673020,-1
573493,2
850799,1
596499,0
430720,-1
970612,1
645141,0
122672,-1
572212,1
590281,0
185082,-1
643999,2
276142,1
522428,-1
242869,1
859835,1
179238,1
830861,0
659715,-1
742214,-1
44768,1
156753,-1
689726,-1
659825,0
805236,2
484743,1
843791,1
401342,1
268165,1
450971,1
969588,2
493909,0
775367,1
102955,2
356595,0
860992,1
478186,2
235851,-1
859554,0
383555,2
568803,0
522415,0
493050,-1
568528,0
371027,0
554560,1
969599,0
70097,1
898167,1
483103,0
773089,1
436540,1
214657,0
824653,0
132616,1
962166,2
357327,1
183595,2
338190,0
821753,-1
782634,2
355771,2
102889,0
335544,2
417438,2
99418,1
774033,0
151834,2
573075,2
675187,2
488287,1
317596,0
848773,-1
177318,0
743728,0
166017,2
668192,0
242646,2
572824,2
516374,0
569974,0
368987,2
35989,2
439267,1
425036,1
978741,-1
161511,1
158819,1
225262,0
398562,0
940439,-1
657384,1
348631,2
950221,1
390207,-1
633050,0
45603,1
892219,2
763551,1
219247,-1
78219,2
106376,1
664990,0
61204,1
444521,2
162744,1
10394,1
107336,0
400960,0
157258,2
762553,1
398197,0
513701,0
450710,1
192494,-1
376697,0
466375,1
600809,0
337306,1
597597,0
282282,1
619747,1
848426,-1
468720,1
954154,0
544640,2
192358,2
768797,2
817583,-1
864589,0
104220,-1
725297,2
973859,-1
942269,-1
145192,2
965827,2
861437,0
296887,0
817495,0
273994,0
799474,-1
177872,1
532392,2
770417,0
706812,0
193396,-1
863034,2
967152,-1
948038,-1
608126,1
412897,0
970466,-1
604868,0
94532,1
820173,-1
833762,2
604371,2
961064,0
419528,1
79982,0
564369,0
489017,1
887262,1
402712,-1
963864,2
854765,0
331759,1
26332,1
238943,-1
431614,2
329434,1
680680,1
39578,1
670432,1
371166,1
686203,-1
118985,0
263823,1
275604,1
390449,0
553573,2
159171,1
172630,2
867879,1
555667,0
107607,2
671813,1
29467,2
424298,0
247885,1
66440,0
794065,0
383354,0
73974,0
597362,0
873587,2
755011,1
736998,0
117248,0
692018,0
813376,1
834684,2
546314,2
876985,1
207998,1
110340,0
715656,1
88611,2
716533,1
269830,1
661339,1
96822,-1
101833,0
548873,1
432375,1
963943,2
105738,1
814952,1
933283,1
476266,2
713154,1
729178,1
739461,1
46459,0
564711,1
9295,-1
89381,0
997108,2
434160,-1
632113,1
349480,1
981685,-1
891296,2
795819,-1
22856,2
176472,1
760306,2
364909,2
593804,2
307467,1
610642,0
129662,0
569359,2
561862,-1
423167,2
840583,-1
683275,1
190548,1
958471,0
740052,0
631040,-1
976028,0
990527,1
58802,2
406698,0
166458,1
758638,2
864544,2
937863,-1
839640,1
43118,2
554437,-1
24114,0
594987,2
2994,0
983985,1
738824,1
578675,1
246789,0
459925,2
723464,2
939557,-1
962770,0
432283,1
295172,0
354011,2
917171,1
368282,-1
799357,1
218943,-1
354686,2
180377,0
979574,2
457365,0
855074,0
527673,1
785117,0
973760,1
928581,0
56229,0
489025,0
43190,2
563462,-1
972585,-1
593576,1
327139,1
615819,1
538945,2
967095,2
993681,0
568295,0
969003,1
644408,1
956047,2
525657,-1
56665,1
617655,2
838447,2
931195,0
577981,2
870874,-1
480174,1
695290,0
645362,2
475332,1
78586,1
792010,2
600177,0
579760,1
733217,1
130633,0
246139,0
83570,2
233932,-1
65704,-1
720328,1
182815,0
992508,1
582996,2
712952,2
217793,1
960416,1
387077,1
62147,-1
158157,0
16196,-1
211659,1
368185,1
681044,1
368951,1
200078,1
947641,0
591630,0
60500,1
257401,2
478713,2
735450,1
633125,2
610055,1
632978,0
365076,2
875539,1
758419,-1
709088,-1
768261,2
209509,0
127305,0
121053,0
19558,2
801712,2
837454,-1
541857,1
11629,2
10359,1
66175,1
23284,-1
211731,2
32828,1
300306,1
798465,1
429350,0
96211,2
287991,0
580986,1
782530,1
446353,0
404665,1
971456,1
503290,1
675704,1
225076,1
593471,0
481167,-1
161297,1
270003,-1
411180,2
271499,1
672109,0
602150,1
575468,-1
181408,-1
161726,1
977902,0
788232,0
725006,-1
722658,2
600224,0
793349,-1
451620,0
424135,-1
88627,1
806009,0
192064,1
685562,1
284646,1
715307,0
883501,2
842439,0
33587,-1
730304,-1
87268,0
494947,-1
557924,1
351002,1
361958,2
624214,0
513910,0
506543,0
778056,0
357156,1
370081,1
880261,0
509403,1
580774,2
837095,2
560337,0
132783,0
304998,2
819879,0
849455,0
346200,0
625746,2
677462,-1
107732,1
277516,0
119700,1
219147,-1
773453,0
813113,0
121431,1
258442,-1
15784,2
491379,0
767093,0
508244,2
711697,1
78517,1
592053,1
723025,0
310230,1
751878,2
617843,-1
265859,1
410288,0
708448,1
254072,1
791956,0
515974,1
972791,1
330960,0
126876,0
316154,1
179087,1
586916,-1
70846,0
752225,2
404604,1
836527,2
678059,0
333311,1
74980,-1
477908,1
506657,1
980875,0
805679,-1
193548,1
818493,-1
625918,-1
215713,1
126166,-1
709380,1
570628,0
898663,1
103967,0
934788,1
327499,1
953095,1
592527,1
488806,2
531595,2
899135,2
661210,2
311285,1
956537,0
536614,1
518252,0
101697,2
136250,0
571656,2
614530,0
506382,0
990558,1
414640,1
757228,1
741160,1
80801,1
14077,0
44115,2
782491,0
141116,1
758470,1
111565,1
108937,1
333960,-1
495632,-1
855633,1
387274,0
944823,-1
676644,0
674904,-1
706197,2
751823,2
534701,2
776680,2
856934,2
838992,0
73072,0
592976,0
120301,0
477557,2
331101,0
587789,0
106773,2
714124,1
772086,2
656418,0
372287,0
481477,2
938734,0
922926,0
339447,0
325978,1
42066,0
382638,2
16052,1
450371,-1
450653,-1
299753,2
643564,-1
975417,-1
890333,1
759258,1
82004,2
187640,0
790339,2
760264,0
34404,0
387284,2
111495,1
263613,0
811478,1
615025,-1
709431,2
815398,1
429819,0
55201,0
918786,2
505250,-1
811168,1
616510,-1
810332,1
778191,0
644140,1
614087,2
350693,1
224411,-1
187760,2
673695,0
624957,2
682615,1
674916,2
404402,1
53072,2
48112,1
785837,0
184816,1
230210,1
915999,0
376465,-1
194186,0
106745,0
992715,0
274295,0
841614,2
855159,1
369248,0
400854,2
232119,2
770087,0
61801,0
582837,2
696188,1
710747,-1
943396,0
943553,1
957958,1
170910,2
680524,0
565587,-1
749902,2
748072,-1
937512,0
130999,0
342929,0
406526,1
281624,2
111021,1
898463,1
920547,2
300268,2
6377,1
150851,2
836682,2
975094,0
303263,-1
469044,2
826563,0
879918,1
803773,2
535044,2
129239,-1
123544,0
955118,0
763466,2
302824,1
970253,1
536636,0
225644,0
901410,1
976357,-1
276425,-1
698782,1
476182,-1
560795,1
734099,1
874279,1
528799,1
844516,0
42001,1
729333,2
910929,2
436637,-1
539943,1
158515,1
913083,0
196246,2
312900,2
247152,1
621919,1
72893,1
989727,0
828411,2
231642,0
294532,1
322655,2
238643,0
226893,0
22945,-1
667052,0
330901,0
893735,0
844155,2
598545,1
792602,0
81394,0
79720,1
450891,1
689110,2
603282,0
151774,0
427833,0
514030,1
450842,0
663940,0
289537,0
93580,-1
999485,2
16012,1
602434,2
128526,0
567878,0
311040,-1
397558,1
659249,2
732039,-1
257083,1
653366,2
764741,0
240417,2
941193,0
249928,1
355194,2
466127,-1
986184,1
194736,0
193995,1
630191,1
467505,0
385475,-1
537515,2
689188,2
629787,1
125791,1
873126,0
634159,0
5824,-1
626130,-1
710596,1
739055,1
584269,1
930286,1
803604,2
902313,1
365571,0
418391,0
260874,-1
53754,1
406691,0
958946,-1
135258,1
349414,-1
988959,-1
954431,1
985836,1
698510,2
509363,1
625498,0
896827,0
393734,-1
326465,1
856169,1
404748,1
330862,1
455496,1
571982,1
298506,0
98423,1
660483,1
219919,0
967026,1
640859,0
574291,2
673739,2
490703,1
811513,1
357267,1
366205,1
47116,1
41555,1
666135,0
997640,1
381416,2
168327,1
492253,2
422735,0
667117,-1
202823,1
10908,-1
366599,-1
394665,0
734589,1
210821,2
191243,1
435686,1
7931,2
331666,1
998608,1
598170,-1
981822,0
349039,-1
131708,1
440962,0
719287,1
866736,2
793383,0
486705,0
206701,1
812095,2
813429,2
300273,1
246003,-1
357693,0
127689,2
554542,-1
713892,-1
855661,1
413022,0
204680,1
865502,1
70808,0
542694,1
521642,1
90760,2
599952,0
116224,1
781730,0
222272,1
520111,2
470642,1
241795,1
585620,-1
969978,0
800466,0
665096,1
59084,-1
813349,1
312981,1
965523,2
921337,0
791417,2
472174,1
514550,0
418510,1
344814,2
555242,1
603943,-1
996818,1
518736,1
194144,1
548422,2
781735,1
90786,1
3051,0
402995,0
224269,1
891634,1
661409,-1
776823,0
773037,2
716592,2
709740,-1
230435,1
105775,0
277235,1
323839,0
485009,-1
991522,0
421384,1
407930,1
499185,-1
634042,0
281534,0
29564,1
777475,1
73475,1
924278,0
945887,0
133825,-1
750622,0
340947,0
477970,1
841038,0
331429,2
861934,2
117689,0
231985,2
452498,0
147151,-1
402278,0
515529,1
816064,0
320416,0
674363,2
45153,2
294203,2
69149,1
892557,0
714218,0
374533,2
799765,-1
406896,0
493645,1
77622,1
351139,2
598383,2
437099,-1
811260,0
289021,0
411748,1
834122,0
531633,2
138830,0
855031,1
621398,1
591179,1
665535,2
625048,2
395927,0
819363,0
226513,2
230277,2
217668,1
646356,0
585846,-1
320140,-1
7769,1
128883,-1
930716,-1
52091,2
865029,1
678269,0
646896,0
151820,1
126071,0
390635,0
846830,2
903429,1
552575,1
51238,1
398685,2
442076,2
245264,1
1847,1
800950,-1
236737,1
371083,-1
288557,0
645411,0
582358,-1
105065,0
105707,2
487304,-1
966654,-1
367823,-1
649275,1
29185,2
172119,0
685650,2
173254,1
287735,-1
97811,1
838235,2
254835,0
318905,0
259043,2
381017,1
649757,0
529954,1
663529,0
423720,-1
22777,1
766694,0
166583,-1
282634,2
353764,-1
461317,2
31680,0
998009,-1
491318,2
970330,0
476860,2
415960,-1
937064,0
935085,-1
863837,0
166987,0
65621,-1
486600,2
389265,1
151202,1
906908,1
98725,2
741135,2
184479,0
364623,2
289083,2
101465,0
877671,1
414975,-1
819137,0
162715,1
889367,1
682050,1
468148,-1
276721,1
809015,-1
82904,1
629958,1
282539,0
576641,2
721032,0
985863,2
351847,1
102182,1
432256,0
810959,-1
339263,-1
426325,1
634147,1
43694,1
693219,-1
840612,0
292313,2
459823,-1
458700,1
886294,2
72399,2
838493,1
239467,1
966716,0
88590,1
270660,0
612857,0
481502,-1
953534,1
399293,-1
325715,1
412226,1
817566,2
610516,0
921902,0
279576,2
164195,0
233989,2
650411,0
531313,0
4333,2
643985,-1
556079,0
362728,1
619584,2
498930,2
711047,0
280183,1
710884,-1
669728,1
873903,1
133051,0
580652,1
122184,1
297918,0
443350,1
942345,0
487311,2
624290,0
462841,-1
682584,2
86801,1
614098,-1
71036,-1
603798,1
539219,0
571734,1
891254,0
16967,1
366465,0
468888,1
755956,1
854237,2
929586,0
972465,0
47414,1
237511,-1
473045,1
719760,2
3380,1
915945,2
746072,0
793658,2
718346,2
991582,1
186975,-1
544544,1
598757,2
352182,-1
799769,-1
285144,1
406272,2
92988,-1
36673,0
558989,-1
261633,2
239960,2
938879,1
638143,0
162574,0
78388,1
966667,-1
865944,0
972181,2
946851,0
214800,1
728032,2
600651,-1
728584,1
706681,0
589739,1
450581,1
47561,1
401905,0
800981,-1
589183,-1
222534,-1
357670,2
923142,-1
497636,2
443455,1
730705,0
830855,1
255556,2
961712,1
589379,0
956735,1
216207,0
650019,-1
606200,-1
753836,2
847322,0
273226,1
83629,1
226734,0
788872,0
870974,2
591870,1
568912,-1
789519,0
731488,0
244090,0
735125,2
764484,0
646717,1
31157,1
152232,-1
414280,1
587546,2
821756,2
373215,-1
826764,0
733307,0
596788,2
57392,-1
761256,1
586312,0
93389,0
93917,2
73551,0
165581,1
156791,-1
823794,1
63392,1
182207,-1
829750,1
101290,2
639078,1
960964,-1
884242,2
333194,0
180605,-1
724302,1
464585,0
857134,0
289751,0
746574,1
5343,0
477522,0
446879,0
546541,2
732463,2
380608,2
336640,-1
52477,0
194507,1
538733,2
622382,1
758067,2
969245,0
6204,1
360927,2
733862,0
254831,-1
312789,1
683632,0
698155,0
581241,-1
685887,1
495618,0
98564,1
422534,1
378882,0
175872,0
135908,0
840249,1
37433,2
231996,2
573211,0
703385,1
11101,0
819890,0
572492,1
120502,0
146930,2
913546,2
808868,1
383788,0
629338,2
429250,0
327253,-1
233323,2
754966,0
5107,0
285700,1
997597,0
605325,1
181468,1
921776,1
131890,0
727491,1
407368,0
720318,1
521215,1
699505,0
260605,1
4496,1
162556,0
283270,0
631070,0
343853,1
195609,-1
729294,-1
342029,1
31305,0
974349,0
827385,1
110637,1
330981,1
716213,2
673772,1
533976,0
467243,2
671317,-1
232183,2
489015,1
356158,0
988748,1
240002,0
873392,1
345670,1
356761,2
530584,1
177001,1
525148,1
347083,0
784269,0
420686,2
918830,2
550616,0
696228,0
861731,1
677852,1
591361,1
962050,1
76649,0
832328,-1
239449,1
467995,2
467450,1
127162,1
477381,1
58715,-1
701473,1
893061,2
335217,2
909071,0
471885,2
164325,1
875446,2
366749,-1
625267,1
805316,0
779520,1
967449,1
39093,-1
306078,-1
983065,2
106475,2
380508,0
236562,-1
589848,1
741895,1
204042,0
238985,1
468940,1
467571,0
86934,1
650045,1
334396,2
308397,2
435631,2
206312,1
565453,0
250852,2
511144,1
985030,0
5045,0
962371,2
179695,0
571674,1
708517,1
949891,0
451267,0
463572,1
527910,1
446310,0
105414,2
18138,1
653784,0
331838,-1
650762,1
826394,1
164947,0
871573,2
737732,0
78892,2
950200,0
484870,1
382863,1
155451,1
361880,1
625561,-1
675442,2
113514,1
19397,2
718093,0
428411,0
908602,0
595852,1
866548,1
516734,0
203690,2
457889,1
42699,0
564817,2
519244,0
634222,0
851947,0
925224,1
776585,0
603969,1
848121,2
745737,2
706675,0
891427,0
311901,1
190297,1
782363,1
44291,0
370428,-1
899174,1
144125,0
422237,1
554582,1
242199,-1
232219,0
224076,1
945898,1
564911,1
343688,-1
371908,0
627574,2
180485,0
249763,2
651375,2
660951,1
657758,1
237867,2
782819,0
791928,0
294609,0
850390,2
396547,1
142830,0
250983,1
443938,2
831490,1
418267,2
860398,-1
763872,0
574726,0
142336,2
213055,2
455829,1
656699,2
171902,1
350128,0
714025,1
17420,0
44772,0
643168,0
704610,2
820523,1
37607,1
680087,2
509948,-1
938423,0
476346,0
617648,2
659939,2
510346,0
106516,2
187412,1
530662,1
969059,2
233113,0
881485,1
396578,1
722776,1
69263,0
783056,1
29053,0
45878,1
845042,2
78628,2
899274,1
485857,2
914284,-1
590949,0
286808,2
449133,1
145375,1
769261,1
769524,1
968896,2
313839,2
775822,0
293312,-1
495182,1
896063,1
2325,0
795486,2
135329,2
885345,-1
703319,0
595781,0
243128,2
589175,1
473007,0
145261,1
942956,1
524966,1
713766,2
440834,2
94839,0
730063,0
120270,1
73612,0
432813,2
317254,0
149855,0
588233,2
860852,2
762132,-1
694699,1
357323,-1
617071,2
909332,1
460019,1
175290,2
845224,1
77234,2
337929,-1
846396,1
515567,1
365305,0
410068,0
123198,0
287376,1
799250,1
744900,1
505135,2
380314,0
272452,0
164506,1
825234,1
959388,0
502275,-1
663775,1
515364,-1
29777,2
857998,2
930993,2
225367,0
299046,0
54060,1
153537,0
77959,1
238755,0
913486,1
14443,1
604691,1
56693,-1
397430,1
292158,1
263045,2
686702,1
111969,1
575864,1
592714,1
788130,1
283215,2
463455,0
84395,1
111750,-1
930512,0
582792,1
172215,-1
856082,1
788739,2
509947,0
407486,1
93916,0
49777,-1
794018,1
448173,1
461282,0
44346,0
505510,0
782839,2
104045,1
568580,1
758553,0
53400,2
441214,-1
953386,0
143711,1
120075,-1
215972,1
439116,-1
186431,-1
593449,2
607278,0
582945,0
922510,1
767792,0
795952,1
944860,-1
444063,2
865922,0
752668,1
977914,1
252208,1
772954,1
254837,0
237616,1
371131,1
343754,2
449316,-1
185570,0
47008,1
19133,0
375376,1
578099,1
763558,2
162367,-1
690491,1
698617,1
620254,0
217118,1
232363,1
816170,2
449825,-1
672636,0
179091,1
231038,0
291804,-1
710495,0
553086,2
323962,1
581600,1
704427,0
438734,2
209379,2
415615,0
284806,2
310499,1
346116,1
771257,1
129670,1
532461,1
847765,0
541807,2
151102,1
301061,2
920481,1
223008,2
804457,2
577544,0
724299,0
615253,0
414925,0
905949,1
633508,1
270235,0
560973,1
337725,0
307063,1
248899,1
693471,1
32083,0
581827,2
447640,1
862171,-1
263238,1
177423,0
556777,-1
814230,2
34166,0
355856,0
961882,1
762704,2
602494,1
34702,1
715552,1
355679,-1
854686,0
171389,-1
820375,-1
752605,0
923279,2
150302,1
444048,1
772347,0
707363,0
43036,1
31741,1
902354,2
732442,-1
691266,-1
115042,-1
522188,1
815935,1
621337,0
933944,1
545889,0
639168,0
655821,2
217577,2
988338,1
310934,0
384173,2
850427,0
614699,0
146362,0
58112,2
466658,0
798525,2
569963,1
434900,-1
51794,2
373733,2
78426,-1
591624,2
376278,1
881145,2
423932,2
154517,0
809256,1
592760,1
326267,1
557614,1
657699,0
792471,1
687325,2
184414,-1
160393,2
846792,2
615738,-1
988164,1
487047,2
469101,0
804088,-1
981726,0
661325,2
395935,1
404054,1
336290,1
458596,2
721106,0
837210,2
370613,2
123115,2
306643,-1
666144,2
108718,-1
319332,1
579193,1
358166,1
141738,1
260609,2
581967,1
132595,1
488092,1
392202,0
315476,1
205530,-1
659291,1
436218,0
90685,0
142415,0
24934,1
409382,0
920431,2
796763,2
845251,1
388243,-1
604797,2
152641,1
248936,1
938144,1
424611,1
329124,0
665784,0
640825,1
163428,-1
556966,1
462236,2
940585,2
836959,1
203375,1
254557,-1
980954,0
24797,1
281199,0
574766,2
887404,-1
291525,1
649648,1
753473,1
305074,1
328063,2
567452,1
195871,0
540520,0
875626,0
672918,1
17142,1
644643,0
558196,1
718420,2
941514,2
142228,0
114046,2
201727,0
432369,0
387738,0
199691,1
180304,1
673181,1
146042,-1
558321,2
486158,1
656852,0
746973,0
443873,2
946854,1
206666,1
329798,0
494754,0
964787,1
992585,0
626550,0
338140,1
86710,1
880166,1
461185,0
840127,2
909823,2
347835,2
41851,1
429019,1
822696,1
398282,0
939362,0
44160,2
193712,1
628281,2
489292,0
616565,2
347410,1
17963,1
76228,1
601837,-1
569634,1
57381,-1
120440,0
34596,0
28256,0
499154,1
352917,2
642374,1
597069,0
830957,-1
317312,2
827075,0
588394,0
706639,1
182537,0
16854,-1
443398,2
434602,1
554528,1
30214,1
171137,-1
875060,1
961114,0
246680,2
244205,2
552594,2
726305,0
354750,0
71830,1
345645,-1
212044,-1
200267,1
942846,-1
174493,2
333002,-1
146187,1
793908,2
496143,1
966647,1
323,1
803875,1
402047,1
534219,0
703000,1
671584,2
559320,2
188050,2
887516,0
645866,1
466328,1
415728,1
503003,0
298164,1
633000,-1
512067,1
235641,0
343381,0
733240,-1
136832,2
389026,0
852347,-1
25002,1
294027,1
648266,0
810469,0
224435,1
952397,2
12004,-1
185013,0
486832,-1
86045,-1
133514,-1
799864,-1
781356,0
866735,1
788791,0
907298,0
930620,0
580848,1
438124,1
400009,1
956741,0
748695,1
831576,1
683218,0
531715,1
555874,-1
672398,2
293081,0
506419,1
776853,1
857439,-1
860763,1
169809,2
410150,0
776743,0
830459,1
612043,0
247011,0
404518,1
997644,0
111741,-1
921727,2
921922,1
349946,0
632649,2
10315,1
448017,-1
561814,-1
88851,-1
317861,0
419424,1
185650,1
931895,1
893553,-1
159886,1
48509,0
697646,0
260134,1
958366,1
497671,0
890683,0
219061,0
50736,1
742031,2
431195,2
159717,2
641424,0
423512,2
229137,1
798844,1
693406,2
371036,-1
211835,2
757133,1
937342,1
977747,2
333823,0
669775,2
260295,1
677043,0
477036,0
194820,1
833593,0
737103,2
838487,0
14362,-1
433532,0
375715,0
274541,0
115978,1
905000,1
343053,0
168437,0
794305,2
149132,1
255482,1
786652,2
18795,2
261144,1
2575,1
477704,2
645226,0
613988,0
141972,2
863542,2
922667,2
419431,1
960388,-1
853322,1
622813,0
785330,-1
810188,1
53815,2
818404,0
747464,2
754308,1
128943,0
996229,1
964585,1
959469,1
354761,1
102989,-1
67926,0
122021,-1
549342,2
446441,1
196355,0
589487,1
70611,0
683684,1
978725,2
13287,0
809747,0
838185,2
647188,-1
616174,1
754798,1
620739,1
644772,0
96841,2
818549,-1
24845,1
397713,2
924727,0
164077,2
442722,1
583077,2
840571,1
415337,0
148578,1
239214,-1
521908,-1
947679,0
227844,0
701507,0
617736,1
509196,2
585430,0
839425,0
414230,2
916592,2
705572,1
282147,2
201741,-1
464689,2
506099,0
315331,2
258435,2
910541,2
394712,1
424092,-1
204080,1
744870,1
644004,2
107636,-1
661174,1
19909,0
927163,0
358829,2
186937,2
98072,1
43449,1
996972,-1
365705,0
27742,1
165638,0
419439,2
254018,2
980316,1
849752,0
601238,2
763081,0
767129,0
292040,1
800470,1
408830,-1
902403,0
495974,0
97966,2
612358,2
601862,0
484009,-1
24147,-1
545781,2
404273,2
459068,1
706804,2
570687,0
611072,1
985616,2
164701,0
599031,2
291016,2
871590,1
375923,2
625713,1
544267,1
597520,0
201908,2
779450,1
41388,1
324210,0
527518,0
995095,2
68508,0
645526,1
803925,0
310865,0
243590,-1
739831,1
838039,0
93918,2
115526,1
164262,0
727311,1
735220,-1
468210,1
689122,1
53596,2
799186,1
101084,1
30439,0
810252,1
821303,1
292964,0
302407,2
271892,2
732321,1
447410,2
803265,1
196513,0
365268,1
202213,-1
325954,2
969878,2
626863,-1
549662,1
583897,1
81079,2
74615,2
390771,1
921683,1
260545,1
746062,0
523766,2
369387,1
387902,1
407975,0
843647,2
668518,0
259924,0
823007,2
133194,0
999383,0
844853,-1
811166,0
700248,1
312802,2
703577,2
842529,1
133240,0
637996,1
242561,0
970006,2
651603,0
339673,0
675644,1
793976,1
162961,2
469570,2
681176,2
887401,1
891406,0
751950,1
965377,1
773946,1
84122,2
845066,2
389748,2
837821,-1
967629,1
864765,1
266087,0
41710,2
112134,-1
513080,1
452254,1
564272,2
876098,0
273845,1
343129,0
622330,1
296515,2
199651,0
265010,1
124863,0
619557,1
500287,1
366450,1
626887,0
426254,2
535685,1
617761,1
616786,2
863271,0
516407,0
148449,1
849472,2
665945,0
479060,1
736724,-1
288008,1
638394,-1
779022,0
951766,2
535506,1
202738,-1
863224,0
870370,0
721194,1
981141,2
252336,2
77169,2
68528,2
38903,2
256464,2
11425,0
898966,-1
860813,1
873715,1
81184,2
106630,0
203802,-1
904553,1
793878,1
727291,0
659013,2
170414,-1
545030,1
935399,0
720843,-1
24407,2
368110,0
503818,1
556178,1
905326,2
337724,0
69700,1
114542,2
160079,1
903579,1
646349,0
161942,-1
598614,-1
663644,1
329622,1
263883,1
296398,2
566777,2
158516,1
764934,0
404621,2
803119,2
610999,1
737690,0
312628,1
712615,0
188749,0
814343,1
988637,-1
880191,0
280042,-1
630479,0
46849,-1
667139,2
445425,2
136052,-1
811010,-1
170283,0
900662,1
493441,1
94212,0
753640,1
312169,2
202533,0
102614,1
619990,1
86350,1
63121,1
121852,0
600352,0
124929,1
75897,1
574497,1
24804,1
596222,0
906004,-1
539619,1
110125,-1
448051,1
790726,-1
822650,2
381243,2
730979,1
936649,2
587095,1
612202,1
429050,1
700694,0
851416,-1
547091,1
51713,2
125090,0
81094,1
46987,2
10385,-1
660879,-1
815867,2
182651,2
13152,1
612985,2
668026,2
286216,0
872878,0
346203,1
717045,-1
118481,1
67795,-1
965112,1
942456,1
49607,1
336321,2
220175,1
218973,1
458027,2
932536,0
239165,2
473283,1
10468,1
965411,2
733655,2
383468,0
796762,1
184596,-1
327092,-1
158124,0
998269,2
332356,0
495084,2
610404,1
478417,0
599073,1
476278,1
433925,1
184487,1
899620,0
237593,-1
637818,1
487541,0
323186,2
767342,0
897943,-1
893076,0
227111,1
484479,0
142536,0
511856,1
486621,0
793118,1
350625,1
875997,1
520873,1
980231,0
486454,1
790783,-1
119066,1
795590,2
703949,1
226753,1
497219,1
133965,2
108181,-1
574156,-1
510374,1
547861,2
154116,-1
445954,-1
997533,0
624946,0
463357,2
912071,0
789575,-1
733504,-1
921494,0
182771,1
577188,0
77565,0
13576,1
850213,-1
233403,0
158376,2
42715,2
125277,2
794752,0
738883,0
646317,0
908688,0
767328,1
771691,1
259880,2
825122,-1
884467,2
787682,-1
609778,2
737682,1
908388,-1
424425,1
323128,-1
628679,2
678862,2
838507,-1
205713,1
681150,0
7572,-1
941573,0
274509,1
684872,0
370024,0
291351,1
155280,1
493518,1
955736,1
475150,0
814784,0
934550,2
236229,1
868776,1
724046,-1
948949,0
383876,2
131974,0
986064,1
428108,0
926841,1
494582,0
781163,0
92910,1
486,0
491939,2
53227,0
800250,0
253165,0
31100,-1
457211,1
164443,-1
646128,2
26297,0
641969,0
593800,0
256579,0
805014,0
418189,1
640885,0
497723,2
627483,-1
654700,-1
237079,0
432087,1
572031,0
962862,0
73015,2
308754,0
686614,1
620529,0
342626,0
875135,0
135651,2
566883,2
708737,2
771565,1
146085,0
713094,2
540959,1
824998,1
387636,1
6977,1
581176,1
272574,1
312899,0
405772,0
423226,0
15617,-1
73801,-1
581076,0
763519,-1
916909,1
646077,1
551261,2
182472,1
180047,-1
986479,0
238659,0
76266,-1
98479,1
177204,1
298152,2
328729,1
297260,1
567264,0
329437,-1
985621,-1
789426,1
246326,2
933736,0
378617,-1
254499,0
174922,-1
312720,2
568863,1
903966,1
730989,0
191303,1
261053,0
179969,1
411209,1
293338,-1
224041,2
627912,0
763334,0
769155,1
93337,1
802385,-1
42183,2
407596,0
368054,2
618952,-1
648741,2
877147,-1
996306,0
154289,0
333682,0
746454,0
504683,1
455348,1
744762,0
153848,-1
429721,-1
460217,1
622753,1
925836,2
140313,1
498154,1
848278,0
694120,-1
614569,2
511015,0
56117,0
97915,1
684968,2
290122,2
896238,-1
105501,-1
155182,1
243396,2
425069,0
3804,-1
92161,1
360732,0
850932,1
20149,1
695895,2
972635,2
986282,0
568549,0
434652,1
507521,0
263473,0
267646,1
149939,-1
274077,0
776304,1
370879,0
404861,2
204227,2
819486,0
142966,-1
818701,1
274044,1
665722,2
421305,0
704236,2
349774,0
635513,1
652424,1
146233,-1
676332,-1
696485,-1
474898,0
939207,0
135234,0
4494,0
678001,2
505970,1
656254,0
552023,1
561933,0
885448,1
284977,2
455946,1
891808,0
349787,0
598581,0
327527,-1
631112,1
780626,2
617439,1
778454,0
411141,-1
694508,0
451340,2
200823,-1
252827,1
997245,2
593241,1
150780,2
701541,1
342006,-1
182752,2
597528,-1
979212,-1
730965,2
705732,2
852885,0
567968,-1
58159,2
485485,1
270505,1
221568,2
261639,-1
493242,0
988625,1
127890,-1
582873,1
596848,2
653100,-1
681574,0
228139,2
121922,1
941781,2
169175,-1
253167,2
715413,1
15656,-1
825086,-1
207315,1
823519,2
369940,1
359076,2
802295,1
44252,2
230042,0
663144,0
235342,2
948529,0
649033,0
622688,-1
500735,0
295382,-1
982200,2
349178,0
395381,1
544107,0
538241,0
591984,0
45181,1
708342,2
950412,1
118586,2
833509,1
694880,0
501069,2
537327,0
736909,-1
777838,2
14607,2
198247,1
532727,2
971954,0
506983,0
740265,2
628974,2
273978,0
890446,2
555626,0
266376,0
555259,0
605751,-1
642647,-1
8695,0
288654,0
420856,2
822637,0
495623,2
444782,1
598329,2
581704,2
274996,-1
185975,1
6500,0
4922,2
314724,1
864689,0
890303,2
298217,2
58759,1
665061,0
711365,0
53886,1
639109,1
955199,0
56403,2
986454,2
725929,2
308560,-1
63259,2
893580,2
910594,-1
635622,1
332270,2
230361,1
970928,1
987005,0
599243,2
415291,0
353090,2
571695,1
442038,0
766968,0
572932,1
770249,2
380515,2
308454,2
870967,0
35630,-1
809561,1
51932,2
937854,0
845936,-1
48136,1
337375,0
129260,0
651061,1
949433,0
38474,0
780400,-1
900148,2
717361,1
315768,1
1094,2
371575,0
334703,0
347301,1
333023,0
760539,0
986393,-1
113410,1
533841,-1
646375,1
208765,0
874552,2
581056,0
564133,0
238576,0
771517,0
569298,1
362439,1
313524,2
453646,0
267618,2
552103,-1
922833,0
161548,1
547728,1
882173,2
196745,2
329376,-1
561279,0
152362,1
577289,-1
569331,1
797033,-1
697697,-1
705751,-1
780961,0
607260,0
56078,0
233570,0
900516,2
526766,0
950781,1
445119,-1
299523,0
700364,2
638191,1
746929,-1
585971,1
568079,0
102283,1
154483,2
870534,1
367520,-1
483579,0
846473,-1
863386,2
448491,0
879144,1
661533,2
778544,-1
26334,1
568606,1
694622,1
176767,2
787826,1
765977,2
79002,1
628012,0
468570,1
989146,1
458415,0
677605,2
896052,1
689114,2
743964,0
562549,1
609521,0
769546,0
936010,1
28321,1
907350,1
15176,-1
619727,1
755696,1
659339,1
868242,1
878577,0
27645,-1
94375,-1
96253,0
106662,-1
927688,0
174681,2
5808,0
562069,1
697588,1
323681,0
767676,1
23872,1
901914,0
940000,-1
152867,1
174045,1
952247,1
420045,1
219993,2
384450,0
284022,0
281768,0
969999,2
692396,1
566712,1
397080,0
400965,0
553873,1
314655,0
210043,2
66392,1
888438,2
42015,0
155936,-1
456964,-1
100619,1
165244,1
918091,2
225368,0
809620,-1
543287,1
858075,2
342041,1
501333,1
688842,1
259862,1
844239,2
939482,1
851282,1
782419,1
156502,-1
411451,0
778098,2
748621,1
991104,1
429100,2
242868,1
383918,1
665976,2
464303,1
136987,2
210063,1
931052,2
726315,1
430258,1
366927,-1
303238,1
485960,0
300485,0
486143,0
487258,0
86791,1
483979,1
557002,1
651130,-1
240130,0
854919,-1
126330,1
959514,1
669369,1
906463,0
251017,1
17936,1
275097,2
973737,-1
398175,1
549419,1
830932,-1
62153,1
836743,-1
688979,0
467710,0
786829,2
475922,-1
756330,2
129546,0
283112,0
177141,-1
27227,-1
991302,0
769041,-1
982553,0
882621,-1
953530,2
834944,-1
561470,0
384297,0
521834,-1
878776,0
800561,2
332192,0
626665,1
720978,1
471603,0
840316,1
270413,1
666499,0
934904,1
750005,1
370595,2
93511,0
389325,2
285464,0
537960,2
523402,1
453346,2
286755,1
735544,1
737829,-1
866869,-1
887135,0
539693,0
912791,2
32937,2
607228,1
678005,1
547998,1
111384,1
135862,0
585961,2
851295,0
876430,2
161949,-1
265741,2
469560,0
625147,0
843557,-1
246532,2
397532,-1
363915,1
535584,1
195696,2
432742,1
45471,0
147931,1
351920,0
728240,0
15379,2
138964,2
406562,2
673979,1
6599,2
3316,1
963207,0
292792,2
715826,2
901330,0
658591,0
700745,-1
684686,2
585044,0
72912,0
292080,1
775106,2
429183,1
79809,0
710041,0
359322,1
558178,1
883974,2
796425,0
792125,2
603149,-1
412743,1
899120,0
77176,2
48054,1
744133,0
792380,1
450463,2
923478,2
825217,0
92054,0
455204,1
166549,0
864815,-1
736961,2
495799,-1
988766,-1
440864,1
7273,0
114016,0
713565,0
713129,0
681654,0
633587,-1
489731,2
71236,2
954902,1
608676,2
841621,0
938387,2
96791,0
336255,1
654234,0
568095,1
297199,1
63520,1
146672,0
156613,1
209688,0
233240,0
635250,1
818370,1
250804,1
472432,1
526619,1
932140,1
678223,1
499800,1
94093,0
975989,0
546488,1
823328,0
83230,-1
613657,0
465639,2
37735,0
508126,0
338723,1
216769,0
924616,-1
128444,1
781378,0
161766,-1
629937,-1
448114,2
337455,2
928110,0
348665,0
925085,-1
350345,0
255901,1
798119,0
649555,0
678457,0
127945,2
306053,-1
429997,0
84686,0
178031,2
433817,1
727081,1
92555,-1
736073,0
684291,1
208436,1
631966,1
632170,0
552169,1
700411,0
398682,2
864408,2
791122,2
311939,1
212992,1
439770,2
888670,1
246648,2
52909,0
185340,1
954861,1
312141,1
779676,-1
501230,1
655913,2
869690,-1
692291,-1
7733,2
323305,1
522534,1
255257,2
342294,1
336712,-1
847143,0
958883,0
32011,1
645444,0
591370,-1
921487,1
213184,1
191035,-1
486019,1
967576,1
485397,0
274091,0
971373,-1
80530,1
441388,2
219687,0
589095,1
717337,0
309919,1
624761,-1
538959,1
933506,0
255735,2
960885,0
547227,1
955114,1
490235,-1
30625,1
344466,-1
352351,1
91361,0
644448,-1
321910,1
294122,1
502744,2
450547,0
952430,0
917415,-1
546639,1
498408,2
19737,0
89008,2
401448,1
117558,0
713838,1
52888,2
692934,1
211232,1
738012,2
430717,1
429013,1
622733,0
175296,0
208540,0
341637,1
980407,2
747972,1
10675,1
413483,0
492601,-1
440868,1
179308,-1
850302,0
994884,2
280069,2
225213,1
383465,0
495245,2
457142,2
918082,0
850665,1
119798,-1
197624,-1
419286,0
66539,1
937594,0
458056,0
391586,0
537905,-1
940773,-1
63636,2
350290,-1
399262,0
879570,0
242644,-1
360419,2
702569,1
195816,-1
757711,-1
927763,1
709644,2
713965,2
645834,1
917740,1
102859,1
302987,0
533731,2
989796,-1
998974,2
238041,0
849413,0
277751,2
42975,1
243718,2
993297,1
162328,1
341635,-1
650311,0
244956,-1
203918,1
474921,0
111066,0
706768,1
701078,1
469942,0
396077,0
930734,2
769160,0
324,0
685392,0
195255,0
132265,1
232617,0
671491,0
24200,0
670870,0
187081,2
740680,-1
183014,0
1002,1
437581,1
13562,0
525771,1
484704,1
435190,2
563240,1
980945,1
71688,0
43993,1
674237,1
609692,0
994995,1
17950,1
660705,1
488065,2
718541,2
789782,1
774504,1
942387,1
913856,1
68822,0
498872,1
282396,0
607114,1
293524,1
67727,0
926215,0
237135,0
13937,1
105223,-1
989572,2
548324,1
565886,0
319852,0
958100,1
343719,-1
731863,0
603466,1
119608,-1
692785,2
764412,2
853757,1
822612,2
400706,0
506377,0
676465,2
528708,0
426419,0
540054,2
912100,0
274630,1
554174,1
905680,0
418450,1
418141,0
307012,0
890324,0
682705,2
379783,2
843593,2
22034,2
616085,-1
672236,2
440264,0
162520,0
571452,0
178299,0
187726,0
162956,1
650239,2
285695,-1
62508,1
601101,2
888833,0
452911,1
532091,1
647934,2
205997,-1
376530,2
491158,0
670340,2
63710,1
373166,0
123762,0
949504,2
282697,0
796241,0
968995,-1
114369,1
505454,0
804838,1
254338,1
357839,-1
356216,1
27874,0
985071,1
718353,0
10863,-1
519963,2
398011,-1
858431,-1
781976,0
647740,0
509315,1
180805,2
153440,0
721700,0
665905,0
425155,1
592618,0
604000,1
706419,1
626332,0
675525,0
35335,2
879999,1
695422,0
282559,-1
347486,0
237897,0
83693,2
434463,2
936349,1
467990,1
339981,-1
998342,2
769234,2
812406,1
325242,1
274653,1
141806,1
239144,-1
537273,1
147807,2
207974,1
357314,0
789590,0
752831,1
719483,2
717031,0
744804,2
912022,0
541124,0
999263,1
986822,1
397991,1
819649,2
917021,1
742017,0
68689,1
233448,-1
391815,-1
625916,1
602874,0
384242,-1
248317,2
597775,1
505736,1
830762,0
268977,1
169209,2
674056,-1
303834,-1
893012,0
950264,1
155098,0
643801,0
37382,1
239109,-1
811745,1
307324,1
651589,0
728961,1
995965,0
32617,1
345264,0
670510,2
187322,1
643839,0
656403,1
407063,0
456801,0
279241,2
173656,0
140144,2
695410,0
342379,1
904821,0
102149,1
315058,-1
443380,0
328359,2
822742,1
363827,0
369444,0
15004,0
425757,-1
795670,2
994106,1
521233,-1
629606,0
428345,1
376182,1
557421,-1
351678,1
566520,1
951080,0
431383,1
164681,0
711690,0
487536,0
12892,-1
93856,-1
616594,2
55340,2
977890,1
767055,2
449932,0
916728,0
116029,1
385866,2
560183,1
264529,0
410097,0
759381,1
846166,0
975978,-1
73908,1
564366,0
218212,-1
774290,1
468930,1
692526,0
425303,1
907670,0
345212,1
686682,1
130895,0
78847,0
813529,-1
512340,2
643621,2
492385,0
105981,1
106267,1
395551,1
133092,0
62304,1
773877,1
261474,0
2066,0
880642,1
168822,1
291414,-1
518500,-1
474278,0
250041,0
369792,2
549105,2
735919,0
415660,0
390548,2
586365,0
801663,0
21444,1
429715,1
485778,0
353052,0
39102,0
874377,-1
582519,2
714029,2
562887,0
161206,-1
242518,1
333341,0
526794,2
862925,2
964831,2
141282,0
642970,0
437390,0
251594,0
3947,2
782071,-1
876155,1
518691,0
571034,0
57352,-1
444558,-1
44613,-1
583126,-1
516278,0
599097,2
144626,0
362282,1
465505,0
781993,2
840724,-1
385584,2
332709,0
913766,1
49767,2
416908,2
607640,0
642312,-1
66809,2
55451,1
776252,2
146193,2
839366,1
579210,1
597687,0
619476,1
414013,2
380700,0
896367,0
334698,1
314624,1
991473,1
549413,1
242209,0
969368,-1
348883,1
418492,-1
470540,0
458378,1
109266,1
796016,-1
146189,-1
908598,1
305829,0
150626,0
314295,0
785092,0
349953,1
315604,0
719053,0
625475,2
904281,2
864899,-1
98191,0
393935,0
976682,1
115902,1
714477,0
904871,0
40002,0
196167,0
876677,2
639041,1
658238,0
118538,1
585684,-1
212373,2
439871,1
372248,1
808291,0
740677,0
286600,2
39137,2
242134,0
789533,1
974607,2
121892,-1
925466,1
659381,1
71947,1
619589,2
538261,1
401624,1
592687,2
770681,1
655254,0
803295,0
770982,-1
841939,2
773430,0
910369,1
529946,0
453960,-1
199412,1
928138,0
89026,1
936076,0
48194,1
543968,-1
428811,0
199176,2
308647,0
472164,1
14347,2
792863,1
730475,-1
302030,0
729730,2
355810,2
520559,0
116986,0
242175,0
214431,1
627510,1
372797,2
821047,0
859883,2
184039,0
575649,1
406507,-1
208568,1
371985,2
440835,1
647629,2
897754,-1
802877,1
254620,2
306648,2
80762,1
65253,1
221872,-1
655251,-1
400521,0
899111,-1
213627,-1
32882,1
127013,2
296021,0
246508,2
881303,1
877621,2
913736,2
28168,0
616816,1
337927,2
60850,2
382625,1
306424,0
125916,1
887268,2
646241,0
833300,0
640993,1
185928,1
723717,-1
161924,1
653426,-1
326871,0
23219,1
694941,1
511624,1
713841,0
757148,2
233609,-1
481699,1
788178,0
258840,0
180910,2
143846,0
397187,0
735956,1
697066,-1
398754,1
159756,1
583833,-1
347170,2
840626,-1
976083,1
936082,1
707118,0
230817,1
647480,1
886880,-1
669722,2
89211,0
965203,1
205053,2
792494,1
810157,0
244378,1
953700,1
823363,-1
643295,1
844388,-1
111866,1
891158,0
658186,1
376161,2
733882,0
524949,1
754796,0
747068,1
260344,-1
341280,0
833793,0
456224,1
942777,2
813648,1
703664,-1
454700,2
774633,-1
713981,1
439771,1
877051,-1
557810,-1
999361,2
541390,1
843489,0
864943,-1
624938,1
672160,2
651084,0
657393,1
730399,1
507652,-1
836399,-1
231,0
141372,1
67600,1
486188,0
788413,2
163707,1
175537,1
899924,-1
387467,0
300294,1
263648,0
546601,1
208409,2
988785,-1
460408,-1
596290,1
152927,1
330596,-1
813049,2
29924,1
966487,1
211780,-1
934971,2
396644,0
389863,2
151900,-1
529295,-1
197911,-1
795755,-1
826090,0
10291,-1
827586,2
342303,2
467556,0
237893,2
182715,0
523321,1
363106,1
23004,0
928252,0
391847,1
675665,2
348827,0
729449,1
232059,1
171354,2
161420,2
920419,0
125728,0
529144,2
38443,0
923595,2
281501,1
755722,1
34877,1
948297,2
655292,-1
624662,0
617813,2
872665,1
251854,2
836359,1
798768,1
922488,2
446131,1
711942,0
132672,0
117315,-1
786925,1
88937,0
841709,-1
764509,0
263838,0
903611,-1
135121,1
144821,0
632162,0
360173,-1
448103,2
678866,2
415234,-1
724647,1
665309,1
957065,1
224939,0
133760,-1
402953,0
647958,0
973496,1
211487,-1
970549,1
322361,1
758055,0
34105,1
684967,-1
167784,1
645719,2
183603,0
644988,2
417921,1
634015,0
855655,1
364166,1
818184,1
637913,0
584433,0
54701,-1
417381,0
883513,1
518360,1
599938,2
638621,1
961715,1
697302,0
167532,1
65065,0
872916,1
199128,0
977732,2
387630,2
42462,1
349811,1
534173,1
785799,2
403726,1
504476,1
32252,2
440593,2
892685,0
536460,2
806307,1
670875,2
681122,1
781879,1
247068,1
112810,0
603763,-1
340383,1
401550,1
397696,1
292460,2
46055,0
922725,0
420119,1
345844,2
495305,0
575462,1
353591,1
697999,2
645309,0
775388,1
616411,2
137885,-1
451960,0
789115,0
477120,2
471531,1
643397,1
981119,0
905720,0
527327,2
214262,1
764356,0
285265,1
109031,0
889920,1
918544,-1
345862,-1
626861,0
407425,1
112891,2
892965,1
500622,0
359206,-1
132398,1
141932,1
27158,-1
312699,0
641045,0
548793,0
614023,-1
195809,1
462314,0
505590,1
475827,-1
347787,1
246778,1
974119,-1
585186,0
76203,0
637597,0
999983,0
465780,1
735013,2
290151,1
347870,0
446311,1
408612,1
196509,-1
129739,1
624840,1
806364,1
616197,0
376651,1
568226,1
51453,2
646773,0
462459,-1
932633,1
420183,0
992903,2
968742,1
345859,2
890862,2
674121,-1
268219,1
7655,1
497236,2
186163,-1
706987,1
128531,0
315675,2
746780,1
968654,0
252133,2
53344,0
933095,0
161392,0
694317,0
682757,1
583969,2
230320,0
927233,1
702609,2
449579,2
52493,-1
275488,0
308521,0
960368,1
275530,1
833217,2
800449,0
244138,2
642606,1
370237,0
36966,2
12748,2
465047,1
688977,-1
843598,1
790157,2
242160,1
628826,1
446288,1
322424,1
803087,0
634079,0
825627,1
961667,1
33808,0
198272,1
990123,2
469488,1
463957,2
880361,0
584773,2
374553,1
183275,1
113375,0
190844,-1
795230,0
444102,1
259635,0
497056,-1
205201,0
830570,2
177632,1
874661,0
204768,1
426709,1
666101,0
728666,0
622683,2
539304,1
490246,0
862832,1
91092,1
629284,2
581779,1
767922,0
207825,0
488877,2
290673,0
587933,0
12343,2
991667,2
366178,0
990370,0
345018,1
900182,-1
23133,2
813652,0
155474,0
265814,0
976781,-1
853893,2
125784,0
722067,2
203641,1
455687,1
21780,-1
739736,2
663336,2
669160,0
99220,2
736519,2
162533,0
272392,2
809568,-1
408446,2
293618,1
614427,2
448949,1
434123,1
694186,0
480120,1
343589,0
595575,1
880717,1
302744,1
631761,-1
706535,1
121619,2
177940,2
94004,1
300637,-1
324458,0
336980,-1
3151,2
390611,-1
336024,0
811013,1
920143,0
824716,2
453544,0
368830,-1
556824,1
744397,2
647697,0
539985,1
399389,2
715168,1
784741,1
117318,2
568817,0
377392,1
111643,2
8723,0
262101,1
551225,0
377121,1
388278,0
387855,1
396758,0
821375,1
307577,2
11874,-1
152947,1
373196,-1
681799,1
195033,1
470515,1
542193,2
786188,1
952036,0
782706,0
232723,2
443670,0
685079,0
276015,1
373750,0
956265,0
847491,-1
511736,0
301549,0
491260,2
502197,0
972927,0
740869,0
519113,0
573875,2
858962,0
528969,0
570551,0
883034,-1
169392,1
269695,2
47454,-1
391822,1
628083,1
644328,2
436950,1
26551,2
647139,2
179680,2
363692,1
483048,1
540983,1
788092,2
205106,2
785011,0
33426,1
338299,-1
240223,-1
514220,1
767021,0
458376,2
871950,1
648034,1
302254,2
638987,1
543051,2
518964,0
205963,1
895438,0
838812,2
396598,1
9385,0
53503,0
857881,0
899149,1
983942,0
717325,-1
193613,-1
287333,-1
242144,2
966042,0
167148,-1
3451,1
223188,0
571929,1
484537,-1
261371,0
333480,0
717182,1
18369,1
239212,-1
713047,1
896499,1
19234,2
576063,1
865976,0
865858,0
214133,1
7500,1
461792,2
909060,1
896636,2
923236,-1
363209,1
943350,2
23718,0
732753,0
436406,1
226552,-1
995707,1
860633,2
283389,0
828750,1
750985,1
10691,2
968989,2
283169,-1
479441,0
49000,1
895112,2
89198,1
731498,1
873492,1
748686,0
493732,0
666504,1
291794,2
591070,1
399545,2
898448,-1
655033,1
653524,2
933765,1
98740,0
701254,-1
460181,-1
750030,-1
745890,1
633094,1
885609,1
642211,0
893929,0
233330,1
187583,1
1778,0
468742,0
757706,1
197401,-1
145207,0
969010,0
93645,-1
262801,1
874333,1
593952,2
874815,1
792528,1
96606,1
104081,2
951844,-1
240191,1
741518,1
490704,1
787476,0
356997,0
804006,1
873876,0
623346,-1
987897,1
914419,1
412157,1
2028,0
605102,1
749238,0
307392,1
397422,0
338237,1
80541,0
449512,0
294833,0
413620,1
387693,1
450373,0
589886,-1
516932,1
581483,1
346955,-1
734933,0
288357,2
303455,-1
224575,0
576795,2
15284,1
573941,1
919384,0
719494,1
24551,0
183366,1
336178,1
634250,1
609196,0
974078,1
839965,-1
232062,0
924312,1
575336,1
124851,2
806164,0
732761,1
500599,0
412117,2
906349,0
913803,0
393406,0
189856,1
310554,1
919892,1
569801,-1
817363,0
440342,0
720834,1
406014,0
142478,1
759688,2
371839,0
628608,2
488708,2
498562,0
43007,0
466461,2
103442,1
685532,0
488405,1
681057,-1
353092,0
284569,1
395034,2
366099,1
577799,0
854121,0
264258,1
349261,-1
122095,0
910800,0
638147,2
101951,2
309070,0
570235,0
59157,0
669686,0
558941,0
51268,1
991319,1
514870,0
52275,0
44216,1
326352,2
930456,1
837886,1
425286,0
354627,0
590555,2
540462,0
981998,2
135020,2
981661,2
805343,1
776590,1
700547,1
575771,1
810435,1
107181,2
122281,-1
556956,0
77126,2
290670,0
517369,0
808687,1
114203,0
15842,2
102935,-1
23002,1
404865,1
567081,1
211891,2
619002,1
684757,1
179146,2
935520,-1
824330,0
150637,0
119377,0
768227,2
149919,-1
669199,1
185722,0
336736,1
544432,2
461608,0
543004,2
34682,0
92880,0
215890,1
888835,0
181401,0
189154,0
872090,-1
845259,0
218304,2
567409,-1
399514,-1
672209,1
4403,1
445740,2
464276,-1
886163,-1
187666,0
160670,0
285723,0
272753,-1
170877,1
698764,2
132467,1
39110,2
606934,-1
17095,2
13523,-1
462723,1
389239,0
587505,1
690523,2
253146,2
167461,1
716193,1
754194,-1
937593,2
795201,-1
941129,-1
951756,0
541050,0
676119,-1
383346,2
318732,0
177261,1
374551,1
335242,0
669156,-1
147257,0
631258,2
577768,1
556221,-1
172964,1
767518,-1
905221,1
937706,0
676551,0
411028,-1
968883,1
65085,0
974176,2
281304,2
860156,-1
885791,1
174569,0
674895,2
70824,2
604290,0
927676,1
731245,1
143452,0
342692,2
871087,0
761613,0
798311,-1
635795,2
700014,0
791049,0
279700,0
507646,0
444407,2
465916,0
134834,-1
852541,1
962364,2
176463,1
992510,1
975849,1
420299,0
704863,0
421447,-1
935240,1
461836,-1
819440,0
419330,1
535890,2
841407,0
826224,0
546860,1
624360,1
587419,1
389504,0
860824,2
793887,2
945522,0
436399,0
797196,2
642292,0
258901,2
233757,2
875599,2
860413,2
922066,2
719718,1
667210,1
954662,1
593300,0
491493,1
943128,0
670317,-1
550089,0
152533,-1
725903,2
685530,-1
679978,0
247717,-1
803475,2
776944,-1
232693,0
752730,1
526205,1
831699,2
739965,1
251342,0
718512,1
816966,-1
903146,1
891315,1
787078,1
21589,0
322283,0
867456,0
22847,1
520018,1
767439,1
808874,-1
257679,1
635476,1
336477,1
398328,0
386898,1
559407,2
658452,1
64700,0
636423,-1
906223,0
773709,2
441850,1
133043,2
553119,0
632138,2
320905,-1
975115,1
38430,1
733245,2
384813,0
464528,2
786000,1
684182,0
221073,0
965970,1
691400,1
691422,1
63149,1
94816,2
613499,0
910979,0
50617,0
529874,2
144763,0
477049,0
718864,-1
799336,2
429124,1
16399,1
389891,2
803662,1
45923,2
260020,0
780749,1
618441,0
139969,-1
723808,1
188951,0
609927,2
98321,0
513818,1
943916,2
847508,1
425538,1
231808,2
618984,0
810170,-1
952783,2
310439,0
955627,-1
201714,0
253507,-1
336728,1
739980,2
652034,1
786046,-1
338331,2
978337,1
559940,-1
930566,2
619635,-1
44405,1
436944,0
609023,1
888451,2
565182,0
230971,1
966471,1
633801,1
596337,0
434014,1
876617,2
60545,-1
971322,2
634921,1
851954,1
717758,1
421679,2
890281,-1
665551,1
356135,1
963332,2
574829,1
81371,2
603906,0
468076,2
659606,1
97195,1
493580,0
880721,2
96026,-1
252046,0
856130,1
472832,-1
209090,0
609183,1
514259,0
681249,0
25872,2
408169,2
905925,1
459544,0
913419,2
71764,-1
92104,1
74545,1
870533,0
393229,0
686549,-1
299868,-1
725140,-1
661441,-1
474203,1
242949,0
179621,-1
537577,1
847478,0
884263,-1
793221,-1
819944,0
490010,0
939135,2
323575,-1
893288,0
116830,2
362231,1
471844,1
176547,2
565202,0
329502,2
638907,2
614055,1
51534,2
945333,0
122940,1
469138,-1
880749,1
778694,1
104364,0
368719,2
193727,1
665192,1
565739,1
343223,1
279885,1
892105,0
140680,1
790521,1
412336,0
445997,2
779795,2
681616,1
367686,0
506370,2
132168,1
759108,-1
607329,1
833214,2
989639,0
381419,0
152267,1
84283,1
983881,0
657049,2
460356,-1
700177,1
724623,1
269340,1
535460,1
552058,2
163554,2
243130,1
943320,0
931056,2
574005,-1
321998,1
313038,-1
651974,0
744160,0
911544,1
28314,1
420118,2
865942,1
782992,1
175154,1
65902,-1
787883,2
791692,1
207757,0
976442,1
758755,0
867625,-1
607007,0
938596,0
994970,0
528695,0
534510,1
661942,1
715352,2
786120,2
840591,0
649191,0
229841,1
783682,1
218198,1
446581,0
936827,2
152582,1
728227,2
11920,1
622280,1
735540,0
9279,1
757282,1
904522,1
347211,-1
820479,0
756206,1
678920,1
440259,1
559157,1
406889,2
388681,1
88041,0
854980,2
922520,1
213898,1
145369,-1
860687,-1
680519,0
321220,2
882331,0
907463,1
335976,-1
622805,1
349122,1
324368,1
581146,1
455964,2
160166,-1
580239,0
18671,0
716376,1
979435,0
252476,1
838635,0
846835,1
981163,2
236535,2
927987,-1
710593,1
610576,1
758414,0
18822,1
424206,0
154236,0
729958,1
407521,1
824810,2
554576,2
996125,2
508149,1
280895,0
110710,1
583480,1
667841,0
949978,0
396471,-1
837179,0
737124,1
294524,1
641827,0
416947,-1
515505,0
588319,2
604614,0
446458,0
37360,2
704078,-1
544705,-1
63842,0
901931,1
269577,2
138417,1
426497,2
674947,0
247478,0
209270,-1
992108,2
255923,1
972520,-1
942975,2
664932,0
799405,-1
937887,0
173729,0
485359,1
134379,1
760079,2
398627,1
32929,2
299783,1
44735,0
728497,-1
183312,2
94753,1
14623,0
353731,0
297818,0
713609,-1
362414,1
34025,0
704233,1
579173,2
591696,1
315835,0
270023,0
926733,1
30642,2
665957,2
28337,2
417278,-1
50742,1
358351,1
200711,0
389793,0
454424,1
717217,-1
294907,2
198716,1
606121,2
970000,2
398295,0
849951,1
971806,1
500923,-1
307702,2
960324,0
645317,1
29213,2
477346,0
299162,0
544515,2
880298,0
612332,-1
766985,1
361680,1
302664,2
200394,1
447949,1
99648,1
928859,0
83796,-1
925802,0
294633,2
303648,2
314580,2
572088,2
200392,1
641822,2
385091,-1
556789,-1
203724,0
296730,1
916865,0
435206,0
797442,0
586862,1
544527,1
342507,0
159414,0
873750,1
240786,2
912315,-1
430947,1
502009,1
406685,1
783825,0
994307,1
826534,0
958248,0
965880,0
641657,0
250465,1
447013,0
855359,1
807064,2
986805,-1
461201,1
488707,0
895905,1
801388,2
34910,0
242159,0
45534,-1
976055,-1
937872,0
838818,1
590122,-1
21289,0
762446,0
164145,0
397452,2
95291,1
870694,1
419126,1
314286,-1
951661,2
187089,-1
375759,0
679611,1
422353,1
886918,0
678095,0
839278,0
379592,1
738080,-1
336714,2
1816,2
657388,-1
683321,0
477660,1
223453,1
421643,1
43719,1
381965,1
294032,0
109220,1
874526,2
440019,1
927947,-1
574554,0
128567,1
378707,1
592854,2
456458,2
962041,2
750953,0
52542,1
122796,2
187289,-1
265431,0
828671,1
244357,-1
753421,-1
204521,0
14384,0
938581,0
739493,0
272480,-1
293270,1
407620,2
221779,-1
700583,-1
491385,0
648006,-1
271260,0
68436,1
7675,1
820467,-1
957518,1
192926,0
970423,1
960163,-1
458966,0
644790,-1
85869,1
775140,1
802518,1
110473,1
640417,0
280223,-1
494357,-1
174044,2
731471,0
3723,1
3202,0
549109,0
873234,2
580874,-1
56879,1
608787,-1
151713,2
457952,0
155514,2
572568,-1
471996,0
749681,1
85658,0
509974,1
45633,-1
163316,2
168820,0
540509,0
203774,1
589068,1
930997,0
327726,2
673125,1
470462,2
275391,0
723919,1
446680,-1
141194,2
583867,-1
302930,2
757862,1
649240,1
551327,1
162535,0
715022,0
356711,1
279120,2
564,0
121545,0
242286,1
625921,2
216342,-1
534568,-1
173469,-1
451677,0
565007,1
858239,1
707167,1
581249,1
833702,-1
14926,2
448775,1
864201,2
15881,-1
57888,-1
525539,1
672859,1
297051,1
413953,1
20613,-1
783978,1
44946,0
739146,2
242763,0
427532,0
482620,1
338775,0
963222,1
853096,2
178136,2
507896,2
872710,-1
756649,0
427921,2
236300,0
472843,1
585050,1
722000,0
652221,0
157054,1
758676,1
842465,2
212791,1
695776,0
699957,-1
232164,0
517116,0
930064,0
576283,-1
265567,2
17842,2
798939,0
168339,-1
106814,-1
825225,0
360538,0
612554,1
853657,0
98480,0
177484,1
777232,0
768047,0
881405,1
671404,1
329427,1
184153,1
859092,-1
456205,2
280330,2
203075,0
272683,0
102279,-1
251364,0
691018,2
171437,2
584523,0
352915,1
938918,0
118705,2
362862,-1
162835,0
684924,0
192051,2
302733,2
338757,0
964326,0
84507,-1
785363,1
504198,-1
232387,2
169990,1
191543,2
746266,-1
389694,2
202010,0
693828,2
234488,-1
933815,-1
536804,1
568070,1
757915,0
214113,0
430081,1
219191,1
154202,-1
265504,-1
192317,2
231203,1
921692,1
582394,1
103419,1
469177,-1
67327,-1
409807,0
576187,2
550239,1
648313,1
375610,0
288718,0
661607,1
440008,0
937627,1
721289,0
287145,2
281673,1
886513,0
407091,1
42518,2
742525,1
118175,1
339939,2
746758,1
47529,1
750212,0
162028,0
937194,0
491132,1
474018,1
361042,1
799826,1
513377,-1
329632,2
994041,2
721268,1
93850,-1
610899,1
418447,2
502706,-1
910420,2
103571,0
338728,2
143979,1
908115,1
224771,1
203179,0
784900,1
795672,2
197824,0
158701,0
863844,1
678273,0
291587,0
380473,0
144028,0
296369,1
100221,1
353354,-1
74660,0
359734,-1
593537,0
461573,-1
787803,0
498737,1
700957,0
504538,2
736901,1
651995,1
853083,1
582931,0
356177,1
140282,1
615437,0
59916,1
358757,1
144672,2
239716,1
661831,0
795858,1
124164,2
129832,2
112460,1
242681,0
160144,2
422103,0
546746,0
219843,0
151006,0
190868,2
994821,2
531825,0
35242,0
858151,0
432143,2
12320,1
831941,-1
584499,-1
524383,0
795138,1
152972,1
703808,0
620420,1
465164,2
384067,0
231989,0
946557,2
154720,0
948569,0
435694,0
300631,0
702259,2
881456,2
870399,0
997972,0
662440,0
733984,-1
578706,2
232381,1
20967,-1
277542,1
191551,0
11712,0
729970,1
937412,1
515785,0
27412,0
626724,1
718433,0
467242,0
127677,1
515849,2
962814,2
73851,-1
448294,2
388958,-1
88600,0
815016,1
342255,1
315500,0
397781,1
497256,-1
900685,1
895026,1
837882,-1
857718,1
645914,0
429221,0
733705,1
644143,0
168585,0
823781,2
732801,0
484639,1
144983,1
558804,0
78602,0
509354,2
59464,-1
702425,2
194139,1
354470,0
697242,2
959223,1
925997,0
964409,1
552441,0
704720,0
637471,1
392090,1
429352,-1
418244,1
212699,1
433115,-1
596894,1
744616,-1
700389,1
499577,1
939324,2
444327,0
899081,1
562893,1
430444,0
590926,1
301275,0
341119,-1
629890,0
292105,2
598093,0
578681,-1
450187,0
806371,1
377791,2
552683,-1
310662,0
493968,2
213428,-1
323918,1
659778,1
931821,1
466144,-1
485827,0
576534,2
880020,0
983767,1
307996,1
901703,1
787373,0
488684,1
138535,1
116502,-1
418892,1
695046,1
601032,1
260117,1
84408,1
438427,0
260358,0
564732,0
727187,0
126996,1
166715,0
941101,2
963211,1
206732,1
754664,0
991119,0
573773,1
733913,2
324298,2
286589,2
452072,-1
574560,-1
582553,0
387930,-1
106633,1
209318,0
247440,1
645123,0
632243,1
41005,1
510964,1
126015,2
925313,-1
946901,0
645629,2
568781,-1
966168,0
164600,2
76245,2
54719,0
7509,0
434728,1
68985,0
889229,1
617853,1
230037,0
598028,0
934017,0
204685,0
275992,2
365621,0
71091,-1
972408,2
109470,2
79549,1
362284,2
87027,0
7240,0
703452,-1
145197,2
1945,-1
712767,1
511943,1
228503,0
675038,-1
850882,0
157092,0
993050,2
190667,-1
56081,0
320095,1
124432,0
929212,2
770494,0
759292,0
726964,1
355876,1
932500,2
251875,0
147687,2
124352,0
567215,2
47328,0
384546,1
714132,1
744069,0
904328,1
174271,1
946120,0
340483,1
280836,1
44911,2
438926,1
502640,-1
613771,0
295236,-1
651182,0
113815,-1
70411,-1
770580,0
425733,0
952906,0
859485,0
567060,1
533881,0
470525,1
848469,-1
568784,2
877185,1
168726,-1
587093,0
987387,1
342669,1
725378,-1
487075,1
344476,1
332836,0
767844,2
262960,1
71648,1
529828,1
980495,1
389168,1
981338,0
795799,0
976940,2
96321,-1
41753,-1
194110,0
504128,0
780124,2
356023,0
398872,2
345019,0
776169,0
359849,1
311294,-1
618627,-1
155605,1
397357,-1
880594,0
282389,1
8701,1
646950,2
701935,1
867236,2
169205,0
677356,0
551956,1
239983,1
829555,2
90918,0
604275,0
172579,0
9475,1
924591,-1
676803,0
715117,-1
795553,0
672587,-1
273880,0
29004,2
596291,2
594134,2
684013,1
262766,1
332492,0
33218,1
511329,0
626443,1
76165,1
210055,-1
145456,0
131138,0
864046,2
226831,1
641620,0
121792,0
593310,0
998283,1
366049,1
790955,0
484959,2
518884,1
444593,0
285948,1
262411,0
544648,0
181962,1
29667,0
101815,0
484679,0
165310,1
991755,-1
753084,0
645827,0
797101,1
652094,0
415350,1
988696,1
254341,0
619928,-1
733556,1
874389,0
889535,1
18492,1
212156,1
446936,2
99337,0
366122,2
857685,-1
752290,-1
784519,2
841029,1
818114,0
391759,-1
218217,0
514458,2
725621,-1
277280,1
960351,1
497022,0
673763,2
576817,1
113307,1
623916,1
650738,2
647394,-1
764007,-1
732898,1
391659,1
175838,0
467890,0
648786,0
192616,-1
280107,0
231690,0
760479,1
220087,1
27968,2
435534,1
906542,0
682632,0
807456,1
985511,1
531101,2
405436,-1
477213,2
440967,2
334834,0
906815,2
478680,2
184856,1
527493,1
562159,2
244745,1
642003,1
357986,0
46480,0
49925,2
979680,0
662792,0
75837,0
943024,1
576033,1
345642,0
634597,1
743366,1
573632,2
292228,1
843750,0
510205,1
709542,0
228488,0
922831,1
579403,2
395851,-1
440675,-1
714011,2
679588,0
154261,1
701991,2
78214,1
807282,0
668050,2
734739,0
385189,0
413920,1
651019,2
255286,-1
258396,-1
931784,2
79989,0
628610,1
439993,-1
898414,0
681341,2
150769,1
710936,0
616628,0
811994,2
556747,2
843257,0
99188,0
427006,1
97899,2
706552,2
717134,1
920814,1
583327,0
738594,1
506262,-1
63123,1
929360,0
741854,-1
305707,1
837793,1
742000,-1
918334,1
956244,0
493656,2
155104,0
598173,-1
693350,2
858955,1
648396,1
381704,1
761694,0
880806,1
227080,1
623268,1
983828,0
802279,2
987980,1
211241,2
265042,1
174321,1
461455,0
399200,2
52238,0
619713,-1
219773,1
276473,0
868018,2
758458,2
929280,1
589155,1
266361,1
914494,2
560119,2
486451,0
881623,1
219667,2
380317,0
221371,1
37074,2
713540,2
548241,1
611865,-1
987116,0
322192,2
216069,1
629946,2
13575,2
811195,1
265187,1
664758,0
682704,0
403445,0
254631,2
616375,0
772787,2
964612,0
126727,1
804398,-1
904502,1
771068,2
996118,1
48173,-1
210227,1
236789,1
70995,2
706649,1
785152,1
905971,1
895249,1
637993,1
626143,0
181536,-1
462251,0
146057,1
186483,1
955391,2
627421,-1
677657,2
109807,1
2354,-1
596661,0
697797,2
449687,2
89035,1
934819,0
474445,2
499061,1
222175,0
816137,-1
958446,1
451394,-1
988130,-1
39619,-1
531092,2
970953,0
6685,0
57260,0
339478,0
854673,0
391664,0
105187,1
489312,2
605384,0
345792,1
498080,0
442883,1
366507,0
268424,2
548053,0
816356,1
319790,-1
406053,2
749147,1
860970,0
848457,1
163149,1
133966,2
800062,1
702964,-1
44870,0
370116,2
264,2
691694,1
386234,-1
622990,1
761421,2
550240,1
18557,1
880977,1
900311,-1
290640,1
834981,-1
805937,1
5660,1
937229,2
602273,1
756623,-1
314251,1
859126,0
625840,0
628722,0
31683,0
637301,-1
861106,2
962504,0
413768,0
509887,2
252731,-1
795288,-1
710479,0
174945,1
579830,2
229717,-1
144271,2
379189,0
290199,1
200446,1
128390,0
699939,-1
108841,1
312441,2
864148,0
950584,2
961196,-1
685323,-1
805401,2
698939,1
814000,-1
58299,0
23273,-1
995061,2
676193,1
546056,0
655182,1
69773,1
587608,2
17138,-1
280642,1
371093,-1
779346,2
818106,2
318382,1
767509,0
777623,1
107387,1
130632,1
187272,1
566063,1
286832,0
63870,2
128230,-1
197323,1
716749,0
957299,2
274019,2
203658,0
191203,0
267003,2
716822,1
375666,1
823132,0
377725,1
18572,1
356855,-1
105902,2
827866,2
478653,1
349139,2
68048,1
635269,0
363713,0
87799,1
915713,1
609213,1
1868,2
777800,1
574642,0
858064,1
638221,-1
480115,0
596549,1
573227,1
667910,0
269505,0
681429,0
980390,1
904230,-1
261374,1
889016,-1
1873,0
427871,0
574530,1
602979,1
347948,0
282595,0
412481,1
380725,1
63535,1
734774,0
179529,1
633917,2
894682,2
158195,2
763806,-1
848639,0
194609,2
865198,-1
565875,1
496725,-1
953477,0
630968,0
737186,-1
526033,-1
404501,0
558384,-1
904548,1
328893,-1
455263,-1
411075,0
370060,2
116665,0
432933,1
608567,2
908282,0
66979,-1
599838,2
543212,-1
885689,2
443882,1
876929,1
887643,2
624540,2
34911,1
580022,0
198211,0
630440,2
542738,1
871903,0
716228,0
406230,2
668064,2
314274,-1
257686,2
101227,0
25290,2
375891,0
34010,0
40365,0
853758,1
788125,2
213338,0
180139,1
55654,0
834951,1
627875,0
251339,2
440126,1
272326,1
644600,0
398471,-1
802594,0
573749,1
52505,2
434584,0
438631,2
427939,1
915148,1
860272,0
368060,0
774835,1
354242,2
570617,1
70495,1
135174,1
682907,-1
372076,2
367591,2
815570,2
629181,1
829720,-1
221249,0
819991,1
237193,1
541924,1
27354,1
91111,0
182572,1
84978,0
353319,0
760882,-1
166329,2
640783,0
328610,1
7783,1
610090,0
880345,2
259391,1
254046,0
483168,1
634613,2
794011,1
864337,1
804186,-1
188819,-1
133114,1
302105,0
879752,-1
536387,1
193423,0
657857,0
380045,0
594314,-1
570237,2
670097,0
918209,0
837336,-1
74832,1
599202,0
345439,0
597691,2
623359,2
154926,0
543345,0
47506,0
968726,-1
417810,0
143490,1
378655,2
946596,0
35342,2
622888,-1
832165,1
192832,2
97549,0
495487,2
766048,1
939033,2
138800,2
228761,0
574754,1
626985,2
433348,-1
192355,1
963107,0
999981,1
617958,-1
952959,1
959362,1
192609,0
66246,0
358555,1
813493,-1
382756,1
199914,2
266290,1
553116,1
993994,0
660130,0
589516,1
46337,-1
514759,0
162622,1
644185,1
739106,-1
971561,1
659698,1
151215,1
416432,1
769917,1
788844,1
492700,1
425952,0
235477,0
527302,0
958454,1
602185,2
532355,0
421607,-1
479614,2
438859,1
543088,1
462257,0
590371,0
10969,0
589424,-1
464478,0
429596,1
798448,1
23909,1
376272,0
923193,2
823747,1
457355,1
347052,2
66502,1
299715,2
312547,0
826591,1
230066,1
907342,1
185909,2
964603,2
652858,1
673484,-1
659850,1
325061,0
91808,-1
123801,2
513943,0
860175,0
815056,1
486326,2
855450,0
240653,2
757775,0
650557,1
610842,1
399725,1
348551,0
83045,-1
70637,0
237678,0
222133,-1
865701,-1
68152,1
767679,0
389088,0
575093,2
755276,0
125235,0
117833,0
850199,1
665252,1
354103,2
85482,0
96215,1
420392,2
836749,1
96112,0
442655,1
493632,2
250104,0
431638,1
260943,0
28195,0
228403,1
434759,0
609858,0
726626,-1
836744,2
387382,-1
566453,1
43761,0
815572,1
127076,0
350807,0
37942,0
367769,0
374290,0
181464,0
806379,1
61948,-1
531906,1
658791,1
322278,-1
901920,2
963328,-1
405596,0
11922,1
74085,1
616402,0
280716,2
798339,1
133412,0
739578,1
480835,0
529150,1
174969,1
278166,0
773548,0
737855,2
410542,2
211669,1
423622,0
708256,0
448983,0
186031,1
169019,0
101779,0
650180,1
926550,0
138491,0
391450,0
934166,-1
697839,1
720023,-1
971780,0
748213,1
926054,0
308665,0
210959,0
757381,0
519967,2
517695,0
828619,2
786684,-1
654141,2
26799,1
291929,-1
482170,2
853745,1
300939,2
510814,1
167713,1
265139,0
155267,-1
228872,1
384335,0
813193,1
38282,-1
183876,1
720812,1
109534,0
259492,0
246290,-1
763749,1
642286,1
867952,1
8216,0
320110,1
21464,-1
310567,0
615005,2
53859,1
297063,0
264190,0
443998,0
757742,0
754862,-1
725854,2
890956,1
321055,2
634254,1
235754,2
558955,-1
65287,0
484377,1
10455,0
286352,0
113454,1
461270,2
488570,1
887186,2
758368,0
814188,-1
8804,2
919559,2
902551,0
836655,2
259266,0
843290,1
89878,1
177737,0
709915,-1
538854,0
916160,0
226541,1
138347,0
189907,0
835957,2
2453,-1
288234,2
892628,1
347594,0
235588,1
468709,-1
475853,1
508767,-1
141974,0
505807,2
966179,-1
800564,2
897987,0
566665,0
31082,0
893407,1
497793,1
271869,0
952902,0
249204,2
425573,0
857643,2
970991,0
820814,-1
771165,0
522475,-1
134378,0
208843,2
781292,2
488788,1
56755,0
677231,2
430403,1
492666,0
690704,-1
86820,2
729700,1
910595,0
627411,1
544675,2
236936,1
707145,-1
723320,1
534852,0
585851,2
789872,-1
489844,-1
626956,1
520654,1
466279,-1
615839,1
340614,1
578623,0
986836,1
699946,0
491981,1
302985,-1
821321,-1
872096,0
83112,1
916902,1
74318,2
41781,1
108426,2
540514,-1
350015,1
504130,0
569630,1
48076,1
582428,1
678581,2
933542,2
204455,2
483251,1
101551,1
596456,1
98551,1
136985,0
378502,2
661017,0
631081,0
397495,0
429301,2
653053,1
873776,0
85162,0
721865,-1
142098,2
957871,-1
885270,2
63750,1
258944,1
86728,2
70534,-1
790364,1
643306,0
298528,0
240070,-1
445578,0
678471,1
112618,2
838761,-1
604353,0
355764,0
829347,-1
157025,2
528161,-1
439782,1
412030,1
764877,0
53914,1
197159,0
87861,1
626983,0
852887,1
130659,1
532269,2
721124,1
207930,1
555759,2
971279,1
303159,0
507693,2
465871,1
934290,2
182683,-1
825197,2
436717,0
866022,1
113016,0
244750,0
502527,1
162559,1
463464,1
763405,-1
18702,1
238567,2
704788,1
651389,2
744950,2
129143,2
384556,0
76106,2
256890,0
520293,1
889555,1
746129,0
427951,2
731007,0
429288,0
20860,1
993045,1
176478,2
895762,0
569333,-1
212305,1
725658,1
728982,-1
933352,1
484356,1
255786,0
829635,-1
334593,1
188684,1
815072,2
442122,0
36020,0
421230,0
627623,0
980821,0
781008,0
645631,2
163845,2
949415,2
284280,2
961923,1
138561,-1
935550,0
832262,1
712116,1
713337,0
784039,0
702165,1
738465,0
132050,1
499967,0
367567,0
623626,1
825528,2
375901,0
810713,0
712277,1
102007,0
187527,0
378155,1
634492,1
675346,2
901159,0
466180,1
915897,2
804521,1
145454,1
178673,2
617471,0
875322,1
129150,0
622678,-1
21744,1
704991,1
519115,2
380592,2
268542,0
291316,0
338268,1
239293,0
531330,-1
300066,1
50540,0
113908,0
585990,2
752092,-1
79291,1
347916,0
864940,0
7787,0
629207,2
575917,0
432436,0
597885,0
173756,0
867822,-1
278415,2
528119,1
118755,1
356576,1
748080,-1
51429,0
698409,2
388085,0
307283,0
704405,1
812733,0
717339,0
293579,1
406738,-1
228132,0
286368,1
577734,1
135143,1
620854,-1
369683,-1
323400,-1
417301,1
436059,2
721249,-1
773767,2
333656,0
568768,2
43272,1
938568,2
172948,1
983276,0
803312,0
76720,1
511620,2
512613,0
984860,1
95573,1
850914,1
482213,1
269621,1
193531,0
595368,2
107866,0
469303,1
818727,2
635858,2
965686,0
299643,1
624867,1
304109,1
88015,-1
26930,0
764165,0
830407,1
533945,2
832256,1
730474,2
142120,1
52465,1
970804,2
415836,0
605423,0
472333,-1
248830,-1
47690,0
816723,0
278217,0
204745,0
100347,1
17989,0
385330,1
659215,2
575962,2
41877,2
147107,0
12509,0
873931,0
961460,0
991948,0
882799,1
597075,0
397560,2
922131,1
516390,-1
36679,1
355749,2
111961,0
333377,0
519677,0
292196,-1
200571,0
532693,0
696374,1
36398,-1
963871,2
760952,0
507103,1
243383,-1
51662,2
788143,2
193781,1
102407,0
76051,-1
41988,0
29210,-1
733080,-1
985373,0
872691,2
49560,0
198799,0
601351,-1
767895,0
88166,0
272120,0
761653,1
439734,0
225986,-1
271947,1
20794,0
172350,2
93349,1
207577,0
193393,1
919838,-1
303267,1
215238,0
753001,2
860932,1
731781,0
772579,0
945782,1
565594,0
668399,1
187894,2
24733,1
127237,0
57546,1
813037,1
365946,2
486202,0
226177,0
83339,2
475772,1
733562,0
672377,2
325473,0
960228,1
338453,-1
303865,1
984308,-1
176390,0
110266,1
723823,2
713426,2
65837,1
959568,-1
259915,0
414319,1
734239,0
951585,1
991551,0
538053,1
159032,-1
760242,-1
511303,2
205139,0
713411,0
404299,1
520934,0
962258,0
589683,0
879487,2
595853,0
893537,2
510701,-1
506168,0
935401,1
172217,1
107737,0
843898,1
75963,0
792583,0
788850,0
171453,1
721682,2
504393,2
457122,2
967876,1
778564,1
384288,2
918649,1
932202,0
596826,1
533476,0
510491,1
542316,0
994967,2
19929,1
600094,2
415619,2
954438,1
68040,0
621500,0
219085,0
511936,1
24310,1
92102,2
606534,2
71316,1
680063,-1
322709,1
489062,2
508651,1
727703,0
4932,1
962717,-1
261801,-1
235490,1
526141,0
464597,-1
402932,2
874966,0
38647,1
874952,1
45839,1
11704,-1
415601,2
62116,2
857982,0
270552,-1
916824,0
195763,0
580302,1
746004,1
21524,2
756045,-1
291523,1
168193,2
951740,1
719914,1
221414,0
46653,0
682720,2
358950,0
287098,2
98062,2
129794,1
881908,1
346851,2
420600,-1
496637,1
184565,0
806189,-1
309088,1
377531,0
767728,0
366827,1
268773,1
434121,0
416182,0
768348,1
451039,0
141243,-1
400389,1
984894,-1
844684,-1
413599,-1
366303,0
934357,-1
710000,1
76567,-1
273418,1
169343,2
158615,1
568416,1
529243,0
951670,1
163851,2
111020,0
222806,0
504194,1
403341,-1
409964,-1
164886,2
575926,0
50353,2
511508,-1
824922,1
306457,0
791734,-1
320087,0
389556,1
7867,1
266834,1
297246,2
972720,0
832558,-1
973815,1
121239,2
173190,0
347349,-1
801067,1
554970,2
942489,2
318547,1
433231,1
214255,1
964352,2
296345,2
369301,2
786938,0
248151,1
706539,0
243277,2
1848,1
988928,2
829412,1
876162,2
983975,1
920807,1
857409,1
642964,0
740115,1
287561,0
65414,0
115578,0
996029,0
530221,2
390917,1
879745,1
664859,-1
29179,1
329827,1
76057,2
815249,1
516224,0
879490,1
870513,1
447999,0
282117,1
551584,1
896735,1
378299,0
362462,1
817340,0
339234,0
384300,2
372535,0
481501,0
22762,0
485119,2
960924,0
1286,1
484608,1
96406,-1
119877,1
704187,1
639303,1
226794,-1
466728,1
267290,1
197811,1
192879,1
541183,1
268167,-1
222652,2
389701,0
778178,1
899742,0
611148,1
412287,1
154379,1
337433,0
4992,2
952134,0
614950,0
433589,0
431329,0
973104,2
345041,2
9154,0
159443,-1
328167,0
410690,0
560172,0
475421,1
693871,1
765176,0
473084,1
948517,-1
614570,-1
240361,2
179722,0
221023,2
147626,1
82010,-1
660216,2
954078,0
201149,2
362596,1
306287,1
480623,-1
83287,2
860488,2
659668,0
443467,0
401669,2
605414,0
411340,1
6215,0
34173,-1
927611,2
417370,1
829063,-1
955137,2
974180,1
513478,1
63637,2
3608,1
143481,2
279637,2
12633,1
91354,0
456539,0
103459,-1
724466,1
917465,0
677645,2
625671,-1
368134,0
418287,1
830297,2
850990,0
99241,1
713539,1
776332,1
611692,0
378145,2
692646,1
551222,2
41841,1
676647,2
964118,1
829668,0
416481,0
585188,1
119077,-1
122135,0
541838,0
176060,0
864487,1
751214,0
219125,-1
660479,2
490868,-1
826967,-1
129768,1
750892,1
720402,0
453224,0
704902,0
796499,2
533138,2
751954,1
654466,0
379806,1
584321,1
21580,0
628187,2
604103,0
324896,2
403714,1
679294,2
288757,0
885811,-1
87060,1
226855,2
208873,0
385795,1
36354,1
231516,0
898881,1
439774,0
41702,0
697039,1
118268,1
230412,2
401943,-1
317235,1
190442,1
324957,0
211902,1
719624,-1
422031,-1
941377,0
125441,2
242012,0
242306,0
342079,0
656786,1
665159,0
449945,1
879883,1
749307,0
66606,1
635824,0
810058,2
281353,0
708472,2
819973,-1
867318,2
608853,1
972226,0
800498,2
793922,0
198481,0
252111,1
325911,0
485103,1
672238,0
18275,0
144361,-1
995474,1
392717,0
308265,-1
39492,0
69444,0
12457,1
212664,2
816340,1
606236,0
194914,0
216293,0
303599,0
343159,2
206331,1
524269,1
434114,0
86292,2
987282,0
562537,1
404732,2
764897,0
816811,2
377492,2
46126,2
637184,0
432808,0
314173,1
515732,0
838114,0
66701,0
621746,0
266646,2
560557,2
793372,2
913750,2
139199,0
420137,-1
292903,1
651987,1
157858,1
270569,2
362026,0
443999,-1
588978,0
211628,1
609004,1
482845,1
598339,1
943724,1
794232,2
272594,2
899087,1
429784,1
760840,1
28149,-1
808742,1
150908,-1
768682,1
820329,1
173226,2
259838,1
368871,1
855825,2
786513,0
156853,1
789157,2
5991,0
734105,0
30992,0
467775,0
111368,-1
973179,-1
861404,-1
95859,1
640918,2
222268,1
715936,1
615609,0
964807,2
950784,0
754178,0
897363,2
389753,0
968374,1
610718,0
821120,2
792286,0
306378,1
944027,0
672988,2
926873,1
576218,2
614007,0
548378,1
768017,2
654397,1
235861,2
391370,0
186071,0
824006,2
663965,0
823710,1
378005,-1
730502,0
314573,2
385871,-1
434233,0
802739,-1
521973,2
875614,-1
307688,1
331041,-1
901681,-1
465021,1
247820,1
203128,-1
229310,1
227668,2
970187,1
948579,0
240077,-1
792835,-1
541891,0
376905,1
420718,0
462840,1
88860,0
83832,0
739920,1
787253,-1
105649,-1
4602,1
765248,1
112884,1
732506,2
666883,2
539233,0
715698,0
694079,1
6025,0
422546,0
926173,0
303801,2
179173,-1
339152,1
225522,1
277373,1
413184,0
607498,0
811297,0
72944,0
868808,1
668850,1
394292,2
222476,1
571858,0
676920,-1
171213,2
231952,0
644763,1
711281,1
329512,1
351285,0
780051,1
494771,1
276685,2
458846,2
5049,2
966777,1
610678,0
821446,-1
987377,1
766106,-1
169484,1
260149,1
593061,-1
734995,1
209613,0
626252,2
667510,1
743735,1
805447,0
323315,0
568282,2
637648,0
84755,1
755282,2
704830,-1
396421,2
479893,0
959482,0
970686,0
221268,1
144987,2
937007,1
325308,-1
550486,0
583351,-1
737106,2
6394,1
867691,0
786510,0
157931,1
532896,2
826598,1
799476,-1
776730,1
880076,-1
278774,1
144722,2
821217,2
457259,1
39408,-1
464147,1
693720,0
401381,1
382649,1
327761,0
999519,0
109855,1
139161,2
573474,0
276329,0
191012,1
338409,2
598434,0
318459,1
285434,0
296356,0
162435,-1
476311,0
603693,0
909464,2
183481,0
749966,0
642063,0
191936,-1
516300,1
201656,2
689131,-1
210664,1
715905,0
546018,0
316131,1
780104,-1
941293,1
966698,-1
331959,1
675148,2
495010,0
785573,1
992003,2
292482,0
316399,-1
207963,1
915900,1
656892,2
295105,0
36492,0
597849,2
473441,0
576935,2
840716,0
777967,0
974517,2
832211,1
423131,-1
836914,0
82167,-1
969815,1
804703,2
457817,0
685085,2
646257,1
624130,-1
582559,0
423169,-1
657337,-1
88960,0
269970,-1
105374,0
482268,2
782859,0
592629,2
336497,-1
57312,-1
402798,-1
324231,1
58998,-1
922240,-1
724277,0
122922,0
592514,0
77165,1
468630,-1
621373,-1
398635,1
559697,-1
214414,2
619976,1
455298,0
660578,0
643036,0
913457,0
287368,1
813930,2
307025,1
551415,0
689333,1
611269,-1
935392,2
897868,1
236645,0
77481,0
618553,-1
633595,1
655062,0
699074,2
195308,0
595210,2
945743,2
191854,1
987819,1
397016,1
308507,0
43551,0
240695,0
286168,-1
915509,1
869683,0
295238,-1
273952,2
584394,0
195900,1
715663,2
851063,1
393719,1
285491,1
474768,0
988237,1
422929,-1
531642,2
245695,2
879694,1
420847,0
442565,1
232430,1
398214,1
394365,1
426338,2
330020,0
785007,2
972338,2
942593,0
961346,0
764846,0
669522,1
319959,1
181107,1
408404,0
523048,1
101999,1
172983,1
671524,2
849739,-1
346827,0
476615,0
895125,1
92275,-1
784034,1
463466,-1
541545,2
229217,2
486638,0
318073,-1
238027,-1
123946,0
926635,2
957341,1
331416,1
912415,1
737710,-1
123939,1
197071,0
355991,1
939791,1
35780,1
238540,0
578043,2
559830,0
663080,0
637989,1
609853,0
688250,2
573526,-1
122197,1
698843,2
978695,0
276003,0
180966,0
640355,1
528396,1
838575,1
224086,0
25107,0
941017,0
83294,0
488157,0
280143,1
234739,2
580721,1
907765,-1
556068,1
212700,2
353721,1
675982,1
339284,2
191301,1
168885,0
732303,1
793043,1
699639,-1
312517,0
352208,-1
266989,1
901063,1
675882,0
320560,2
245351,0
522325,1
703585,1
641049,1
45110,2
414797,1
269667,0
242813,1
367599,0
654104,1
894232,1
287449,0
573969,1
573083,2
543358,2
672556,0
761778,2
790474,0
576012,0
391509,2
766952,1
37858,1
703952,2
840146,0
317102,2
663313,-1
350256,-1
302864,2
950748,2
559829,2
316929,-1
885671,1
926884,1
151033,0
956089,0
578319,0
502372,1
55085,0
844569,1
657020,0
327419,1
774068,1
215327,2
53274,2
165384,-1
216655,0
895964,1
658815,2
392139,1
303725,2
95260,1
29266,1
941438,-1
786762,1
687815,2
58178,0
892211,0
38872,1
6715,1
115420,-1
564035,0
655450,1
536531,0
558684,0
521553,2
702061,2
270836,1
579324,0
186889,0
813889,2
864478,2
879657,-1
748146,-1
273325,0
52520,0
620251,1
967986,2
255772,0
124459,1
778658,2
730026,-1
524315,0
808795,1
410560,2
736913,1
585868,2
860621,1
911013,0
350251,2
583294,0
237397,2
810871,1
302920,1
826197,-1
552138,-1
948170,2
734002,0
381149,1
87066,1
393025,-1
242100,1
73720,0
248576,0
757481,-1
949825,0
122392,-1
454520,0
246599,-1
587755,-1
696011,-1
702158,1
577157,0
779146,0
361064,2
568478,2
293138,-1
886852,-1
641390,0
309204,2
861978,1
65678,-1
37161,1
44459,-1
212306,1
15931,-1
839468,0
206409,1
80465,1
902010,1
184219,2
45607,1
337771,1
89645,1
414134,0
357355,0
783782,2
537334,2
818133,1
314957,-1
793240,2
903549,1
505388,1
903516,0
830608,0
708649,0
699265,-1
199279,0
423050,-1
84479,1
692437,1
511157,0
134111,-1
457774,2
444789,1
28139,-1
532892,1
896668,-1
807831,0
566437,0
122276,1
330625,1
459982,0
37020,0
248792,2
67871,0
818267,2
899530,2
598012,2
105391,0
734981,-1
194458,1
525857,1
299185,1
303968,2
623420,1
491902,0
405671,1
283285,2
314315,2
342649,0
811594,1
877953,0
250020,2
482420,1
811970,1
410045,-1
768287,1
10140,0
381026,1
824589,1
566239,0
168376,-1
925405,1
175224,2
761939,0
701364,2
634818,0
691110,2
386807,1
885006,0
486755,0
335914,-1
961423,0
48070,1
86376,0
857017,1
70184,-1
808139,0
348386,1
924242,1
686843,-1
49160,2
302490,1
183669,1
945556,-1
664348,-1
556462,0
643411,0
428375,1
855864,1
566490,1
830535,2
382,0
373785,0
734921,1
171713,0
556800,1
88973,-1
658337,-1
4709,1
877084,1
445620,2
270537,-1
703375,-1
46873,0
899754,1
795861,0
812551,-1
535591,0
80055,0
570775,0
607294,0
346257,0
834872,1
214043,-1
613413,-1
1960,1
591346,0
716050,0
449744,2
746121,2
576177,0
742262,-1
603256,1
995594,0
491003,0
258024,1
132811,2
739061,0
515952,0
622935,2
448716,0
357570,-1
459647,2
694067,2
342342,0
458106,1
943571,1
592617,2
847809,2
676499,1
393921,1
307201,2
814178,0
33055,0
316616,0
246745,2
28308,1
793207,-1
334667,1
805610,0
747215,1
124201,1
360821,2
461119,0
301741,-1
491775,2
930852,1
208706,-1
54869,-1
62066,0
10993,1
629210,2
483522,2
810782,1
801097,0
117955,-1
857587,1
756775,1
886329,-1
629213,2
130697,1
412538,-1
34139,0
149935,0
813785,0
74650,-1
465837,2
353152,0
331104,2
56069,1
723413,1
243069,2
482844,0
516277,1
634035,1
331193,2
474759,0
488620,0
839352,1
391234,0
313648,2
659109,-1
662221,0
296437,1
193971,-1
787920,0
535511,2
769581,0
349431,1
929265,1
795123,0
155398,0
725497,0
235678,-1
369892,2
989976,0
685160,-1
345451,2
875429,0
588854,0
398409,1
142668,1
868078,0
449764,-1
194389,1
465891,-1
861701,1
668682,0
859322,2
397319,1
662170,2
447574,1
550614,1
434903,2
939644,0
629964,1
822224,-1
372060,1
575133,2
996535,0
627536,0
773818,0
943559,0
910094,0
40552,0
949845,0
893456,2
799680,2
478024,1
249709,0
815643,0
10542,-1
313029,2
551318,2
682768,1
541054,2
921977,2
40585,2
2551,1
3449,2
306708,0
33638,1
340490,0
371368,0
403307,2
443723,1
917808,-1
109773,0
964844,-1
875387,1
807641,0
190559,0
929097,-1
216996,0
305367,0
560286,-1
643108,0
991972,1
65425,2
336322,0
126840,1
66121,1
619287,1
124378,1
587313,2
447439,0
699344,2
700265,1
201084,0
787460,0
772476,-1
999493,0
649075,1
754715,1
20118,-1
606310,-1
629888,2
138102,1
966636,1
260253,1
837801,1
411449,0
46829,1
422748,0
703922,2
329328,1
604545,-1
194969,0
386862,-1
778479,0
25665,1
587685,1
154455,0
810205,2
429754,1
497142,-1
332117,0
689977,2
15344,1
348067,1
445232,0
110434,2
23501,2
745898,2
348993,1
86112,-1
847851,1
609103,0
839077,0
257291,1
529894,1
589853,2
916547,1
479855,0
715783,2
764927,2
784447,1
862004,0
788502,2
905470,2
59972,1
558929,2
749131,2
33039,1
692983,-1
456800,-1
167743,2
206677,1
76347,1
975857,1
900572,1
776019,1
315754,1
618247,1
854472,0
767416,1
824297,0
226628,1
384950,0
470743,2
628227,1
569901,1
183605,2
39796,-1
967810,2
842975,0
829262,2
43283,1
263778,1
544747,2
160865,-1
870306,1
317941,2
242541,1
264786,-1
502689,2
175518,0
966995,1
58075,1
936594,2
945413,0
956383,1
796714,1
994587,1
855668,0
632029,1
99436,-1
498187,1
459281,-1
314913,1
343021,1
761759,0
9180,0
118420,1
144978,1
259239,1
597539,1
803311,1
678530,0
738379,1
784916,2
723261,2
520511,-1
318150,2
347280,1
658258,1
834309,2
742929,1
957353,2
892508,-1
629115,0
45783,2
374554,2
533692,2
239498,1
31211,1
236762,-1
499387,1
372368,0
264138,-1
76328,2
114951,1
814831,0
268297,-1
87226,0
145525,2
742467,0
733277,0
556429,-1
984662,0
863695,-1
718856,0
556202,0
458662,-1
4008,1
65794,0
308686,1
77619,0
986237,-1
536921,2
327880,0
519276,1
344602,1
369696,-1
183392,-1
21776,1
103782,-1
395442,0
528923,1
203021,1
210803,-1
244909,0
201132,0
333838,1
242928,1
549548,-1
971087,-1
198173,2
507787,1
744350,2
989276,1
464956,1
825104,1
893902,2
790917,2
939067,-1
44875,2
725908,1
162327,0
857432,1
512973,1
665155,0
481258,1
101492,2
282384,1
563804,-1
380930,-1
63274,1
796774,1
642040,1
500526,0
671048,0
486218,1
511422,2
165759,-1
645301,0
710223,2
990571,2
569637,0
721243,1
548509,1
274643,2
695145,-1
255777,0
593154,0
502769,2
599372,1
579198,-1
174276,-1
952316,0
146567,2
519007,1
497620,-1
83071,2
316882,1
441233,0
534393,1
313809,1
515011,1
53376,0
449332,1
358684,2
910878,-1
683328,-1
632209,1
63394,0
258494,0
17146,-1
113406,0
791872,0
30382,0
468651,0
807521,1
844696,1
37056,0
697676,-1
108031,-1
863487,-1
550647,1
872306,0
368994,2
987129,0
293586,2
659119,0
489550,0
688476,2
557113,1
458344,0
343594,2
423020,1
3462,-1
256331,1
182779,1
726997,0
839310,1
366691,1
793782,0
761451,2
529987,2
880139,0
907108,0
95023,2
340565,1
313583,0
91110,0
674536,1
725981,0
791988,1
10750,1
70886,0
568043,1
148204,1
955877,0
710384,0
700357,0
403622,1
379890,2
214790,0
673915,0
599658,2
514363,0
12212,1
37585,1
269742,2
561455,2
233339,2
734564,2
152162,2
652743,2
842866,0
829108,0
427747,2
385763,0
867962,-1
584277,1
977469,0
4565,0
596205,0
106146,0
194447,0
935981,2
382689,0
877209,2
951367,1
886593,0
413497,1
168716,0
779455,0
209806,0
556990,0
55922,0
393562,0
980856,1
921808,2
463431,0
574520,2
116121,0
43620,2
941858,1
977028,-1
127189,0
997627,1
146296,-1
68755,2
969351,1
666496,1
742828,0
594821,-1
248163,1
212783,1
530408,2
271077,-1
29116,0
97327,0
103934,1
5281,-1
966764,-1
833394,2
769034,0
427885,0
101015,-1
135053,2
445073,1
594718,0
485337,2
652031,2
295823,2
898107,0
621822,1
593768,1
724899,2
87739,1
830073,-1
142961,1
61106,-1
221043,1
696913,0
295268,1
753928,0
649950,0
238297,0
265204,-1
19559,2
305511,1
992050,1
346418,1
82564,1
212312,1
150821,2
680282,1
711087,0
883893,1
360801,1
578270,2
788765,-1
684593,2
177297,1
658714,1
946725,1
935871,1
453781,0
370318,1
702503,0
278400,2
944133,0
647470,0
475065,1
592615,2
579070,1
134505,2
642708,0
167603,2
555272,0
743195,0
959807,0
217024,1
443267,1
397017,0
596814,2
533952,2
800696,0
112363,0
988128,2
759592,0
684206,-1
159362,-1
246328,-1
304396,2
54264,1
908329,1
849716,2
424570,0
133226,-1
624182,-1
847038,1
534999,1
514432,1
489534,1
417355,0
714692,-1
250868,2
192977,1
645212,0
903171,0
214224,-1
332795,1
230188,1
957788,1
102140,1
574414,1
471592,1
782767,2
151657,0
324578,2
999173,1
741669,-1
934059,1
219327,0
640084,-1
865195,0
577052,1
507163,1
408984,0
639773,1
479385,1
169503,0
110462,1
251179,2
969955,1
933588,2
365700,1
267452,1
797195,2
280489,2
149414,0
942202,0
603517,-1
326443,1
292224,-1
521526,0
960021,0
806425,2
231162,-1
568815,2
966665,0
360405,-1
495872,1
320667,2
66860,-1
581466,2
248539,0
108857,0
644838,0
474280,2
787055,-1
277933,2
273967,0
556307,-1
807648,0
51870,1
94877,0
116574,1
399562,2
730487,0
951265,-1
926505,2
170438,0
372720,0
591257,0
165101,1
152577,1
288444,1
57552,2
643771,1
958204,2
320134,0
210202,2
120685,0
326563,-1
265061,1
764221,1
177961,1
106628,1
282903,0
981255,-1
697050,0
699241,1
646970,-1
695251,2
832086,-1
152329,1
561889,0
590212,0
914020,0
675260,-1
307271,0
738307,2
670025,1
140016,1
973171,2
732909,0
153191,1
716583,-1
422296,-1
293089,1
134300,1
892921,2
465699,2
609512,1
580483,2
176298,1
884073,0
172648,-1
395722,2
351392,2
721553,1
681784,0
385663,2
844602,-1
888673,1
976202,0
846688,1
954728,2
618950,2
762599,0
539961,1
550361,2
407571,0
656096,1
378318,1
967793,-1
75392,1
177800,1
408225,-1
680118,0
297379,2
527068,0
434966,1
900632,0
130158,1
341406,0
522679,0
483207,2
221942,0
587012,2
441095,1
536195,0
43396,0
991333,2
542338,1
966161,1
209660,2
653577,0
357971,0
407024,1
94220,2
638817,1
194215,0
856259,2
614917,1
621121,1
278551,0
106543,-1
637263,2
868154,1
928749,0
311979,0
299209,-1
838786,-1
740050,2
618306,2
125116,1
943217,-1
556335,-1
522328,0
708449,1
76467,1
713495,1
317157,0
874864,-1
769447,2
723661,1
169776,1
341817,-1
279315,0
56671,2
586033,-1
424489,1
670559,1
813882,1
743424,1
998561,-1
35843,-1
148459,2
141814,0
899926,1
66867,1
249425,1
827222,1
933298,1
717876,-1
76495,-1
170533,0
278,-1
614316,2
215952,0
486044,0
565883,0
333596,-1
774118,1
759320,0
729321,0
734928,2
996973,2
263240,2
967543,1
88271,-1
51682,0
765829,0
526501,-1
538022,2
464819,-1
743385,1
352378,2
896685,0
344913,0
103328,1
317955,1
323535,1
884118,1
907600,2
319388,2
94543,1
906238,2
166594,1
498008,2
20718,0
137232,-1
576299,1
213588,-1
745401,0
490678,0
407623,-1
57607,1
874698,1
708834,0
698181,0
789444,1
846358,0
726457,1
721486,1
85593,1
612031,2
338459,0
11187,0
64779,-1
257851,-1
222681,1
85769,2
491695,2
69652,-1
978637,0
194315,2
842272,1
566358,0
836624,-1
896889,2
928128,2
32619,1
4454,0
300730,0
462746,1
18230,2
762818,2
786587,1
709164,2
310079,-1
300903,2
311755,2
52324,1
756349,0
360063,1
679442,0
121576,-1
491908,2
660702,0
728978,0
849682,1
548683,1
277746,0
912506,2
261231,0
481398,0
529619,2
864134,1
764226,0
257799,2
366010,1
578643,1
857669,0
478994,2
673788,2
836471,1
5195,2
744071,0
819993,0
105033,2
577219,0
451731,0
839701,2
873740,2
103273,0
829729,0
687709,0
975580,2
992939,-1
755969,2
425274,0
449925,0
673834,1
242524,2
699239,1
964461,0
189638,1
440494,0
286814,1
947754,1
611158,1
930418,0
881582,0
321503,2
978268,0
90863,1
461856,0
159752,-1
893413,0
97582,2
70433,1
54251,0
202195,1
410018,-1
505784,-1
273223,1
886247,-1
938271,2
943867,2
131809,1
617622,-1
377222,0
477261,0
640045,1
965900,0
19444,0
359565,0
608805,2
232495,1
123701,1
817217,1
635161,1
247020,0
617451,2
938781,2
30759,1
705452,1
349996,0
119394,2
896443,2
719233,2
607289,1
303795,1
123568,1
287032,1
914400,-1
24611,1
441152,2
100465,0
257636,2
587932,2
323729,0
50830,2
599546,0
552116,1
878865,2
494211,2
803869,1
882581,-1
535734,-1
995446,2
318172,2
51166,1
801017,1
447285,-1
735991,-1
100505,1
72085,0
844827,0
204185,0
135358,1
265254,-1
426503,-1
226392,2
829793,-1
822833,1
613321,1
789678,1
167452,1
134392,0
761645,1
265477,0
456308,-1
928781,0
488311,1
637257,1
398134,-1
291255,0
636686,0
691251,1
717856,1
921344,2
16525,0
738565,1
114799,1
64363,-1
349755,0
709627,1
896596,1
126674,0
20322,2
344127,-1
380343,0
431495,2
666836,0
979256,-1
522596,1
922437,1
936407,1
177547,1
854940,1
219086,1
285478,0
376394,1
278668,2
803944,0
919590,1
671551,0
944137,0
794925,0
756835,1
485914,-1
60176,1
45335,2
155423,0
777221,2
302729,1
270476,-1
564907,0
868071,2
511137,0
765166,0
686589,0
179460,1
979548,1
161158,0
122086,1
242717,-1
820265,0
301262,2
548778,-1
50847,2
816109,1
529955,1
223003,0
306003,1
670436,0
927913,1
797806,-1
518697,1
320211,1
312148,2
703919,1
951694,0
78201,1
178353,1
856674,1
88796,1
763171,1
961797,-1
331941,-1
61059,0
228395,1
906839,1
796076,0
550181,-1
584668,1
858574,2
397634,0
774584,1
376780,2
571842,1
598952,0
251053,2
156160,1
209792,-1
623700,2
386349,0
975607,2
710461,0
414286,1
504386,1
615210,2
686504,0
201360,1
477876,2
857523,1
65576,0
311290,0
354703,2
713717,0
3484,1
333986,0
433077,0
987845,0
487343,1
389631,-1
349078,1
110116,0
853938,2
280471,1
528472,1
148108,1
344553,0
916759,2
259516,-1
961234,1
423634,0
857805,1
397365,2
857555,1
989563,2
288858,0
29623,1
296324,1
195452,1
89006,-1
685999,0
953360,1
398016,1
23380,0
858247,1
251406,2
892567,0
544308,0
736038,0
788588,2
422746,1
839256,2
151320,1
306785,2
847300,0
992698,0
659398,0
147593,0
145217,0
223963,0
810561,1
291291,-1
703836,0
211575,1
238579,2
210624,1
819555,0
558154,-1
592357,0
276482,1
673932,1
995721,0
592147,0
773618,0
684165,0
350641,0
87764,0
272814,1
435767,0
62657,1
296443,-1
263147,1
671827,0
928178,-1
467586,0
755440,0
254496,-1
460932,-1
147670,0
569718,2
643831,-1
886969,2
232075,0
109532,0
468568,0
4936,0
203154,1
27673,2
129667,-1
98126,0
279960,-1
417611,-1
179502,-1
649846,-1
972392,-1
690263,1
844854,2
64801,1
725765,1
500151,2
137665,-1
327170,1
737240,2
835581,1
975161,0
76414,1
957883,2
946476,0
933294,0
854047,2
117233,0
270551,1
65083,0
202684,2
64863,-1
390621,2
149562,-1
292543,2
263451,0
40122,0
573893,1
774671,2
879851,0
86848,-1
397160,1
475194,1
637080,1
740039,1
925132,0
629995,-1
687834,2
869772,0
762016,2
926397,1
647788,1
562390,1
535086,1
424682,-1
877815,2
696873,1
475889,-1
31358,2
378750,2
444206,-1
608581,2
728954,1
957113,-1
801794,1
518225,1
358103,1
680249,0
330131,2
639079,1
568837,0
674514,1
408712,2
751683,1
83788,0
870105,1
506017,0
990787,1
249793,0
500428,1
474046,0
285709,1
738823,1
713163,0
254402,0
784922,2
172957,2
152465,2
808051,1
485595,-1
907857,2
976351,0
890487,1
22342,-1
793794,2
397069,1
696234,1
446222,-1
421398,-1
133429,1
906252,2
414092,0
921186,1
73317,-1
750866,1
404488,1
217262,1
82084,1
178765,0
856902,0
128311,-1
28674,-1
622104,0
530054,1
381560,1
98355,0
740344,-1
138808,1
170089,-1
226215,1
423833,0
369913,1
95896,1
97840,1
89084,0
239009,0
366412,-1
851148,1
474593,1
633845,1
51545,0
278633,0
39361,0
221510,2
66321,2
66661,0
613615,1
942704,2
15587,1
353103,2
271735,-1
159461,1
807877,1
934854,2
409387,1
203644,-1
635192,-1
772176,1
227248,0
319106,1
128668,1
731220,1
311826,0
808440,1
615105,-1
723926,-1
582734,1
520223,0
858352,1
606234,1
276096,0
254986,-1
381775,-1
592526,1
230347,1
61228,-1
819339,1
995982,2
727863,0
186751,0
964719,2
125624,1
344973,2
949789,1
599330,0
265518,1
298147,1
226325,-1
239874,-1
301650,0
157290,1
345248,1
137668,1
387140,-1
393316,0
940665,0
206952,2
541428,0
886796,2
546374,0
922849,1
857364,-1
528773,-1
348027,2
534413,-1
447525,1
607037,1
136714,2
698954,0
496231,0
112559,1
746719,1
56423,0
111610,-1
59106,1
324423,1
903495,-1
522578,1
330418,1
170036,-1
811734,0
336133,1
61446,-1
286684,1
86718,2
378434,2
95056,1
157217,0
678843,0
131307,1
531053,2
947694,1
759959,1
976235,0
772212,2
869188,1
7256,0
910026,0
970748,1
960297,-1
487259,1
2648,1
93493,1
320569,0
435902,0
24812,1
709950,1
191870,-1
544288,1
599634,-1
948396,2
628855,0
219705,-1
76369,2
209707,1
529193,2
488505,0
649995,1
328227,0
734220,1
569724,0
617157,1
835618,-1
497694,1
6641,0
791125,2
479666,1
232716,-1
786460,1
492966,0
885363,-1
346906,-1
295934,-1
650486,-1
958263,1
939823,0
69802,-1
264749,1
744004,-1
903111,1
464048,0
353129,0
781817,0
105244,1
899313,2
421940,0
651955,-1
966826,2
277192,0
557101,1
16077,1
788753,0
636671,1
209113,0
17873,1
263873,1
818047,0
274518,1
137245,0
210901,2
452172,0
814366,0
212158,2
90901,1
143454,1
761556,2
505773,-1
601972,0
74231,0
815985,0
481732,1
627871,1
594469,2
350756,0
269893,1
6511,-1
436306,1
780075,0
143536,1
635339,1
904919,1
775083,2
201705,1
71322,2
718755,-1
355397,2
7480,2
676361,1
27930,2
689435,2
6365,2
117872,1
303319,-1
758069,1
519052,1
173245,2
906749,-1
9631,1
186664,0
818801,-1
610128,0
200984,1
946451,1
588728,-1
132012,0
746803,0
684358,0
180750,1
997932,1
291282,1
865532,-1
937154,0
272540,0
28014,1
54105,0
677318,0
142298,1
546152,-1
131990,1
930247,1
405814,-1
849259,2
970178,0
775969,2
251906,1
209894,2
82633,-1
216329,0
147245,1
375068,1
432029,0
681008,1
985356,0
83642,1
924379,1
474657,0
966145,-1
943890,1
226367,1
60192,2
893971,1
418543,-1
13358,1
520619,1
321598,0
741056,1
936461,-1
143146,-1
535965,2
281202,1
165837,-1
613580,1
446237,0
897909,0
35072,2
334267,-1
150295,0
414005,0
691449,2
586333,2
805955,2
994946,2
535234,0
990339,1
245539,-1
142285,1
471258,-1
181421,0
804056,1
250453,2
422794,2
896160,1
493299,1
579107,1
853420,1
661565,2
373413,2
962094,-1
41812,2
504594,1
507593,-1
210061,2
287454,1
536194,1
814693,0
400723,1
397613,-1
609991,0
343360,-1
519580,0
631971,-1
468411,1
239916,-1
937873,1
562422,0
422498,0
88056,0
370179,1
729780,1
758644,-1
965567,0
327049,2
973414,-1
109041,1
457236,-1
703005,2
666461,0
200379,1
800041,1
645036,1
888342,0
308411,0
896890,1
346042,0
211349,1
719119,1
599794,0
710238,1
654615,-1
744157,2
68991,0
62494,1
119981,-1
858023,-1
470649,1
824428,0
499614,-1
382254,2
927245,1
63744,1
175662,0
808354,-1
859015,2
22385,2
245056,2
237976,-1
884803,0
107153,1
467496,2
935108,0
835385,0
345228,0
656751,0
64369,1
822812,1
893774,-1
300949,1
368266,1
762993,0
364409,0
165076,2
845006,2
482039,0
934736,0
964388,0
57305,2
955294,0
64942,0
339722,0
804326,1
196186,2
945210,1
910005,1
256047,2
684487,-1
596984,-1
100902,1
555448,0
972459,1
925684,1
331377,0
326789,0
649869,-1
447927,2
162757,2
121988,1
876900,2
428436,-1
980099,0
469400,2
69303,2
901450,0
469091,1
107745,-1
759608,-1
105104,2
937094,-1
505536,1
166852,-1
955751,0
297133,1
840457,0
246498,2
453796,1
752359,-1
680137,-1
651615,0
34294,2
566577,0
546774,2
672130,2
180963,-1
894127,0
818501,1
57049,0
480533,1
249370,1
175803,1
390055,2
797992,2
720945,2
538702,2
526631,0
233659,-1
288602,0
810965,-1
111100,1
528758,2
564829,2
538223,2
39918,-1
128542,0
110687,1
198596,0
64585,-1
586728,-1
223741,1
753397,2
290174,1
542214,0
372837,2
288012,1
94780,1
964126,2
869801,-1
366133,1
702070,1
407850,0
681790,-1
528548,1
830318,1
720943,-1
355391,0
910133,0
644426,0
892393,1
147139,0
242092,-1
337513,-1
442543,0
331242,0
697685,2
238142,0
639271,0
390876,2
892822,0
368716,2
391611,1
26366,0
830437,0
213126,1
421994,1
585939,0
475433,0
481193,1
388001,0
721285,2
395050,1
577469,-1
211607,1
574907,1
805807,0
661405,1
767832,2
851400,1
726350,0
826614,0
821952,-1
468095,0
225454,0
937705,1
346504,2
372790,1
715616,2
281080,0
361431,1
434867,1
425309,0
698813,1
615023,1
641,1
937551,1
133842,0
252814,2
575434,2
242013,0
206664,-1
399851,0
104630,1
237325,2
814076,2
438092,0
902087,1
845881,-1
93753,1
746802,1
545644,-1
494858,0
744232,2
518375,0
673188,1
650394,0
579240,1
283548,1
964677,1
733088,0
795451,1
189822,1
554376,1
83587,-1
77193,1
802848,2
258627,1
665792,1
322201,0
23535,0
630135,0
848949,0
802178,-1
203862,1
239658,2
456223,0
586979,0
474632,2
651329,-1
889489,1
725388,1
477844,-1
376894,1
402248,1
310164,-1
130849,1
374093,1
481749,1
463808,-1
288000,1
845217,-1
757316,0
262230,0
167856,-1
215975,0
182510,2
396184,0
449083,1
627919,1
944107,1
314291,-1
907344,-1
380697,-1
374602,0
568728,1
32358,2
358751,0
601169,1
563515,2
825374,0
401164,1
269512,2
736903,2
665185,2
703493,1
649176,1
89747,1
801434,0
750936,2
62996,1
197941,0
931726,1
999411,0
166179,0
415347,1
703334,1
535633,1
848046,1
26885,0
656503,2
876235,1
253058,1
335901,1
486930,1
519709,1
751553,1
15916,-1
876083,1
549489,0
484787,0
339205,1
293922,2
716370,1
121979,0
355364,1
652890,-1
736209,1
506571,0
874194,1
24852,0
960566,-1
932863,1
329246,0
339552,1
175017,1
605037,1
910328,1
379922,2
620027,0
798220,1
378654,-1
90310,0
660044,0
143190,1
350310,1
743542,0
66186,-1
772331,1
205514,2
743938,1
534691,2
52110,0
179889,1
921175,0
516392,2
967962,2
8838,0
192236,0
212983,0
203985,0
710768,2
524220,2
750797,-1
964888,-1
969489,0
178619,0
704138,2
132174,1
46263,0
817449,1
870810,1
233755,0
609080,0
981674,0
417942,1
992917,2
84796,2
346872,0
631393,1
340881,0
216823,0
182348,-1
567946,-1
141268,1
684612,2
687469,2
702863,-1
286035,1
284067,0
458157,1
834117,1
255010,2
797499,2
646377,2
940776,-1
195519,-1
993798,0
364112,1
197836,2
245546,2
365759,2
896324,2
351010,-1
502504,2
332354,2
484950,1
37265,2
202025,0
886374,0
180486,1
687405,0
298447,-1
9338,2
982971,-1
328782,0
208788,0
477780,0
941588,0
576611,0
947570,1
997910,0
74986,1
496365,0
502482,2
961810,-1
94242,1
183339,0
780613,1
658499,0
144485,1
485804,1
265961,-1
974437,1
430035,1
906357,1
327332,0
460921,0
493471,-1
16241,-1
58712,1
816270,2
910551,0
771337,1
573204,1
367907,1
372518,-1
639437,-1
474666,0
648482,2
143860,-1
114275,2
358451,2
576988,0
346022,0
533375,1
887942,1
643526,1
435200,1
73621,-1
430733,1
187712,1
216777,-1
236330,1
615817,2
279661,2
515797,0
846929,-1
927705,1
337882,-1
651214,0
751056,1
248125,2
659759,0
44797,-1
798117,1
638313,0
204555,1
540417,-1
352057,0
799088,0
934720,-1
529609,1
358662,-1
704245,0
932974,1
531048,1
71743,1
767345,0
530839,-1
815047,2
128752,1
39654,1
132905,0
116459,1
165532,0
502758,0
284295,0
29769,1
818671,1
201465,0
663088,-1
184683,0
281280,1
496917,0
229445,2
906993,0
734003,1
970888,2
75892,-1
829171,0
487955,1
127968,0
274632,-1
731069,2
221632,0
769168,0
641285,0
454883,-1
821566,-1
314629,0
82988,0
696785,2
797805,0
525201,0
599152,1
466357,1
191679,1
777617,1
3581,-1
176471,1
188510,1
852019,2
687573,1
1499,1
687976,2
815050,1
670948,1
321255,1
683149,2
157906,-1
723426,0
977979,1
693058,1
917095,2
197950,1
812383,0
122505,0
913830,0
286098,0
76092,0
544534,1
370160,-1
527515,0
617472,2
177127,1
173098,2
328325,0
443275,2
662169,2
745784,2
877890,0
129486,1
57431,-1
184494,2
653677,1
77414,0
766841,2
340443,-1
331063,1
560136,-1
791454,0
804182,1
996054,-1
997577,2
678955,1
146227,2
299148,0
964213,2
703910,1
651805,1
360112,2
554929,0
460850,2
266567,-1
988459,0
54960,2
262128,2
390911,1
663234,0
207607,0
166012,0
215025,2
819232,1
738464,0
152114,2
812759,2
249602,2
802862,1
713304,1
577367,-1
491349,1
652650,0
967930,1
900531,-1
869994,0
677812,1
576783,1
401607,2
935016,0
743175,0
966359,-1
208243,-1
332009,1
486157,1
343615,1
462164,1
407405,1
931719,0
642445,0
940529,2
693850,0
846956,0
999669,1
256463,1
37534,1
930321,1
495749,1
363368,-1
482774,1
968706,1
984473,2
537348,1
511380,0
74611,1
714843,0
83398,0
953071,2
644182,1
636836,2
591233,2
479785,1
366080,0
86880,0
285987,0
560727,1
248082,0
53406,0
152769,1
953075,1
798231,2
596716,2
496433,1
68652,1
415102,2
247580,0
739680,0
467608,1
120848,0
799462,1
580292,1
943835,-1
990402,0
955360,2
947963,0
784748,0
502914,0
365296,0
158992,1
471246,1
345671,2
687199,-1
321723,0
174439,1
442391,-1
750827,2
171801,1
165677,1
563428,1
464821,1
116432,1
204331,0
644706,0
305351,2
731500,1
17208,0
19337,0
8755,1
133797,2
255140,2
627021,0
914045,1
763365,2
655183,1
773911,0
411123,2
125139,1
647348,-1
335490,1
660005,2
612647,0
53118,1
402290,-1
954816,1
285572,2
682172,2
229711,-1
17840,1
959088,-1
638708,2
940588,0
288271,-1
961513,2
46205,1
27319,1
634943,0
895714,1
875167,0
78329,0
867455,0
470892,2
